AdmissionNo,Total_Fees,Total_Fee_Paid,Discount_Concession,Total_Due,academic_year_id
16973,10500,10500,0,0,1
17131,10500,10500,0,0,1
17096,10500,10500,0,0,1
17130,10500,10500,0,0,1
17140,10500,10500,0,0,1
17085,10500,10500,0,0,1
17158,10500,5250,0,5250,1
17159,10500,10500,0,0,1
17160,10500,10500,0,0,1
17163,10500,10500,0,0,1
16922,24200,24200,0,0,1
17103,24200,24200,0,0,1
16938,24200,24200,0,0,1
16921,24200,23700,500,0,1
17093,24200,24200,0,0,1
17078,24200,24200,0,0,1
16919,24200,24200,0,0,1
16969,24200,18150,6050,0,1
16966,24200,24200,0,0,1
17002,24200,18150,0,6050,1
16934,24200,24200,0,0,1
16979,24200,24200,0,0,1
16923,24200,24200,0,0,1
16986,24200,24200,0,0,1
17118,24200,24200,0,0,1
17083,24200,24200,0,0,1
16942,24200,24200,0,0,1
17048,24200,24200,0,0,1
16463,24200,24200,0,0,1
17075,24200,24200,0,0,1
17073,24200,24200,0,0,1
16997,24200,24200,0,0,1
17036,24200,24200,0,0,1
17099,24200,24200,0,0,1
16926,24200,12100,12100,0,1
17146,24200,24200,0,0,1
17148,24200,24200,0,0,1
16920,24200,24200,0,0,1
16932,24200,24200,0,0,1
16918,24200,24200,0,0,1
16913,24200,24200,0,0,1
16987,24200,24200,0,0,1
16965,24200,24200,0,0,1
16912,24200,24200,0,0,1
16968,24200,24200,0,0,1
17126,24200,18150,6050,0,1
16924,24200,24200,0,0,1
16998,24200,24200,0,0,1
17022,24200,24200,0,0,1
16962,24200,24200,0,0,1
17001,24200,24200,0,0,1
16961,24200,24200,0,0,1
17105,24200,24200,0,0,1
17080,24200,24200,0,0,1
16994,24200,24200,0,0,1
17049,24200,24200,0,0,1
16977,24200,24200,0,0,1
17004,24200,24200,0,0,1
16996,24200,24200,0,0,1
17057,24200,24200,0,0,1
17005,24200,24200,0,0,1
17047,24200,24200,0,0,1
16929,24200,24200,0,0,1
16917,24200,18150,6050,0,1
16914,24200,24200,0,0,1
16925,24200,24200,0,0,1
16915,24200,24200,0,0,1
16984,24200,12100,12100,0,1
17114,24200,24200,0,0,1
16963,24200,24200,0,0,1
16939,24200,24200,0,0,1
17000,24200,24200,0,0,1
17003,24200,24200,0,0,1
16951,24200,24200,0,0,1
17106,24200,24200,0,0,1
16985,24200,23700,500,0,1
16958,24200,24200,0,0,1
16940,24200,24200,0,0,1
16943,24200,24200,0,0,1
17133,24200,24200,0,0,1
17136,24200,24200,0,0,1
17153,24200,24200,0,0,1
17154,24200,24200,0,0,1
17164,24200,24200,0,0,1
16775,24200,24200,0,0,1
16637,24200,18150,6050,0,1
16750,24200,24200,0,0,1
16689,24200,24200,0,0,1
16930,24200,24200,0,0,1
16639,24200,24200,0,0,1
17109,24200,24200,0,0,1
17074,24200,24200,0,0,1
16981,24200,24200,0,0,1
17089,24200,24200,0,0,1
16675,24200,24200,0,0,1
17016,24200,24200,0,0,1
16866,24200,24200,0,0,1
16681,24200,24200,0,0,1
16667,24200,24200,0,0,1
16648,24200,24200,0,0,1
16652,24200,24200,0,0,1
17008,24200,24200,0,0,1
16867,24200,24200,0,0,1
16710,24200,24200,0,0,1
16685,24200,24200,0,0,1
17009,24200,24200,0,0,1
17082,24200,24200,0,0,1
16654,24200,18150,6050,0,1
16820,24200,24200,0,0,1
16991,24200,24200,0,0,1
16671,24200,24200,0,0,1
16698,24200,24200,0,0,1
17155,24200,24200,0,0,1
16663,24200,24200,0,0,1
16662,24200,24200,0,0,1
16655,24200,24200,0,0,1
16670,24200,24200,0,0,1
16711,24200,24200,0,0,1
16715,24200,24200,0,0,1
16638,24200,24200,0,0,1
16677,24200,24200,0,0,1
16691,24200,24200,0,0,1
16869,24200,24200,0,0,1
16786,24200,24200,0,0,1
16687,24200,24200,0,0,1
16790,24200,24200,0,0,1
16804,24200,24200,0,0,1
16949,24200,24200,0,0,1
16831,24200,24200,0,0,1
16967,24200,23700,500,0,1
16899,24200,24200,0,0,1
16679,24200,24200,0,0,1
16647,24200,24200,0,0,1
16812,24200,24200,0,0,1
16743,24200,24200,0,0,1
16907,24200,24200,0,0,1
16640,24200,24200,0,0,1
17046,24200,24200,0,0,1
16729,24200,24200,0,0,1
16644,24200,24200,0,0,1
16770,24200,24200,0,0,1
17006,24200,24200,0,0,1
16768,24200,24200,0,0,1
16721,24200,24200,0,0,1
16646,24200,24200,0,0,1
16959,24200,24200,0,0,1
16669,24200,24200,0,0,1
16903,24200,18150,0,6050,1
16931,24200,24200,0,0,1
16653,24200,24200,0,0,1
16794,24200,24200,0,0,1
16821,24200,18150,0,6050,1
16703,24200,24200,0,0,1
16699,24200,24200,0,0,1
16947,24200,24200,0,0,1
16701,24200,24200,0,0,1
16656,24200,24200,0,0,1
16771,24200,24200,0,0,1
16673,24200,24200,0,0,1
16779,24200,23700,500,0,1
16705,24200,24200,0,0,1
16769,24200,24200,0,0,1
16641,24200,24200,0,0,1
16706,24200,24200,0,0,1
16885,24200,24200,0,0,1
16836,24200,12100,12100,0,1
16976,24200,24200,0,0,1
17068,24200,24200,0,0,1
16722,24200,24200,0,0,1
16776,24200,24200,0,0,1
16728,24200,24200,0,0,1
16740,24200,24200,0,0,1
17026,24200,24200,0,0,1
16547,29000,29000,0,0,1
16331,29000,0,0,29000,1
16365,29000,29000,0,0,1
16601,29000,29000,0,0,1
16954,29000,29000,0,0,1
16539,29000,29000,0,0,1
17086,29000,29000,0,0,1
17007,29000,29000,0,0,1
16473,29000,29000,0,0,1
16470,29000,29000,0,0,1
16946,29000,29000,0,0,1
16342,29000,29000,0,0,1
16518,29000,29000,0,0,1
17072,29000,29000,0,0,1
16643,29000,0,0,29000,1
16937,29000,29000,0,0,1
16753,29000,29000,0,0,1
16324,29000,28500,500,0,1
16636,29000,29000,0,0,1
17097,29000,29000,0,0,1
16606,29000,29000,0,0,1
17090,29000,0,0,29000,1
16631,29000,0,0,29000,1
16756,29000,29000,0,0,1
16759,29000,29000,0,0,1
16511,29000,0,0,29000,1
16936,29000,29000,0,0,1
16953,29000,29000,0,0,1
16585,29000,29000,0,0,1
16507,29000,21850,7150,0,1
16333,29000,29000,0,0,1
16758,29000,29000,0,0,1
16793,29000,29000,0,0,1
16494,29000,29000,0,0,1
16411,29000,29000,0,0,1
17138,29000,29000,0,0,1
17129,29000,0,0,29000,1
16421,29000,29000,0,0,1
16545,29000,29000,0,0,1
16944,29000,29000,0,0,1
16948,29000,29000,0,0,1
16534,29000,29000,0,0,1
16978,29000,29000,0,0,1
16350,29000,29000,0,0,1
16576,29000,21850,7150,0,1
16451,29000,29000,0,0,1
16517,29000,29000,0,0,1
16713,29000,29000,0,0,1
16409,29000,29000,0,0,1
16688,29000,29000,0,0,1
16974,29000,29000,0,0,1
16928,29000,29000,0,0,1
17050,29000,25000,4000,0,1
16471,29000,29000,0,0,1
16661,29000,29000,0,0,1
16633,29000,29000,0,0,1
16989,29000,29000,0,0,1
16565,29000,29000,0,0,1
16645,29000,29000,0,0,1
16393,29000,28500,500,0,1
17012,29000,29000,0,0,1
16533,29000,29000,0,0,1
16327,29000,29000,0,0,1
16927,29000,29000,0,0,1
17120,29000,0,0,29000,1
16586,29000,29000,0,0,1
16392,29000,29000,0,0,1
16744,29000,29000,0,0,1
16693,29000,29000,0,0,1
16487,29000,29000,0,0,1
17037,29000,29000,0,0,1
16834,29000,29000,0,0,1
17125,29000,21850,7150,0,1
16532,29000,29000,0,0,1
17119,29000,0,0,29000,1
16561,29000,29000,0,0,1
16672,29000,29000,0,0,1
16516,29000,29000,0,0,1
16807,29000,29000,0,0,1
16664,29000,29000,0,0,1
17038,29000,29000,0,0,1
16791,29000,29000,0,0,1
16334,29000,29000,0,0,1
17113,29000,29000,0,0,1
17052,29000,21850,7150,0,1
16754,29000,29000,0,0,1
16366,29000,29000,0,0,1
16612,29000,29000,0,0,1
16459,29000,29000,0,0,1
16864,29000,14700,14300,0,1
16414,29000,26000,3000,0,1
16338,29000,29000,0,0,1
16325,29000,29000,0,0,1
16323,29000,29000,0,0,1
17023,29000,29000,0,0,1
16434,29000,29000,0,0,1
16000,29000,29000,0,0,1
16980,29000,29000,0,0,1
16403,29000,29000,0,0,1
17088,29000,0,0,29000,1
16340,29000,28500,500,0,1
16598,29000,29000,0,0,1
16385,29000,29000,0,0,1
16605,29000,29000,0,0,1
16483,29000,14700,14300,0,1
16364,29000,0,0,29000,1
16551,29000,29000,0,0,1
16322,29000,29000,0,0,1
16877,29000,29000,0,0,1
16498,29000,29000,0,0,1
16762,29000,14700,14300,0,1
16335,29000,29000,0,0,1
16955,29000,29000,0,0,1
16390,29000,23000,6000,0,1
16748,29000,29000,0,0,1
16396,29000,29000,0,0,1
17079,29000,29000,0,0,1
16529,29000,29000,0,0,1
16329,29000,29000,0,0,1
17015,29000,29000,0,0,1
16349,29000,0,0,29000,1
16803,29000,29000,0,0,1
16567,29000,29000,0,0,1
16876,29000,29000,0,0,1
16530,29000,29000,0,0,1
16321,29000,29000,0,0,1
16446,29000,29000,0,0,1
16960,29000,29000,0,0,1
16538,29000,29000,0,0,1
16988,29000,29000,0,0,1
16347,29000,21850,7150,0,1
16346,29000,29000,0,0,1
16554,29000,29000,0,0,1
16838,29000,29000,0,0,1
16410,29000,29000,0,0,1
16519,29000,0,0,29000,1
16406,29000,29000,0,0,1
17121,29000,0,0,29000,1
16497,29000,29000,0,0,1
16992,29000,29000,0,0,1
16827,29000,29000,0,0,1
16361,29000,29000,0,0,1
16351,29000,29000,0,0,1
16405,29000,14700,14300,0,1
16824,29000,29000,0,0,1
16760,29000,29000,0,0,1
17058,29000,29000,0,0,1
16634,29000,29000,0,0,1
16509,29000,29000,0,0,1
16504,29000,29000,0,0,1
17091,29000,28500,500,0,1
16204,29000,29000,0,0,1
16540,29000,14700,14300,0,1
16012,29000,29000,0,0,1
16666,29000,29000,0,0,1
16716,29000,29000,0,0,1
16281,29000,29000,0,0,1
16658,29000,29000,0,0,1
16308,29000,29000,0,0,1
16513,29000,29000,0,0,1
16258,29000,29000,0,0,1
16353,29000,29000,0,0,1
16395,29000,29000,0,0,1
16683,29000,29000,0,0,1
16542,29000,29000,0,0,1
16102,29000,29000,0,0,1
16620,29000,29000,0,0,1
16500,29000,28500,500,0,1
16704,29000,29000,0,0,1
16449,29000,29000,0,0,1
16549,29000,0,0,29000,1
16268,29000,29000,0,0,1
16139,29000,29000,0,0,1
16112,29000,29000,0,0,1
16659,29000,29000,0,0,1
16128,29000,29000,0,0,1
17064,29000,29000,0,0,1
16686,29000,29000,0,0,1
16283,29000,29000,0,0,1
16341,29000,29000,0,0,1
16674,29000,29000,0,0,1
17020,29000,21850,7150,0,1
16015,29000,29000,0,0,1
16344,29000,29000,0,0,1
16381,29000,29000,0,0,1
16156,29000,29000,0,0,1
16822,29000,29000,0,0,1
16262,29000,29000,0,0,1
16140,29000,0,0,29000,1
17059,29000,29000,0,0,1
16380,29000,29000,0,0,1
15835,29000,29000,0,0,1
16479,29000,29000,0,0,1
17128,29000,29000,0,0,1
16818,29000,0,0,29000,1
17071,29000,29000,0,0,1
16276,29000,29000,0,0,1
16570,29000,29000,0,0,1
16356,29000,29000,0,0,1
17039,29000,29000,0,0,1
16343,29000,29000,0,0,1
16100,29000,29000,0,0,1
17032,29000,29000,0,0,1
17132,29000,29000,0,0,1
16205,29000,29000,0,0,1
16905,29000,0,0,29000,1
16316,29000,29000,0,0,1
16374,29000,24000,5000,0,1
16107,29000,29000,0,0,1
16259,29000,29000,0,0,1
16386,29000,29000,0,0,1
16025,29000,29000,0,0,1
16300,29000,29000,0,0,1
16248,29000,29000,0,0,1
16900,29000,29000,0,0,1
16142,29000,29000,0,0,1
16190,29000,29000,0,0,1
17028,29000,29000,0,0,1
16282,29000,29000,0,0,1
16265,29000,29000,0,0,1
16354,29000,29000,0,0,1
16694,29000,29000,0,0,1
16146,29000,29000,0,0,1
16557,29000,29000,0,0,1
16855,29000,29000,0,0,1
16355,29000,0,0,29000,1
16360,29000,14700,14300,0,1
16868,29000,29000,0,0,1
16668,29000,29000,0,0,1
16376,29000,29000,0,0,1
16437,29000,29000,0,0,1
16447,29000,29000,0,0,1
17135,29000,29000,0,0,1
16424,29000,29000,0,0,1
16552,29000,29000,0,0,1
16482,29000,29000,0,0,1
16306,29000,29000,0,0,1
16560,29000,14700,0,14300,1
16179,29000,24000,5000,0,1
16422,29000,29000,0,0,1
16717,29000,29000,0,0,1
16162,29000,29000,0,0,1
16600,29000,14700,14300,0,1
16442,29000,29000,0,0,1
16400,29000,29000,0,0,1
16665,29000,0,0,29000,1
16808,29000,29000,0,0,1
16702,29000,29000,0,0,1
16682,29000,29000,0,0,1
16690,29000,29000,0,0,1
16622,29000,29000,0,0,1
16336,29000,29000,0,0,1
16200,29000,21850,7150,0,1
16370,29000,29000,0,0,1
16358,29000,29000,0,0,1
17084,29000,29000,0,0,1
16379,29000,29000,0,0,1
16719,29000,29000,0,0,1
16833,29000,29000,0,0,1
16299,29000,29000,0,0,1
16148,29000,29000,0,0,1
16337,29000,29000,0,0,1
17060,29000,28500,500,0,1
16660,29000,29000,0,0,1
17147,29000,29000,0,0,1
16298,29000,29000,0,0,1
16034,30100,30100,0,0,1
16020,30100,30100,0,0,1
15979,30100,30100,0,0,1
15830,30100,30100,0,0,1
15711,30100,29600,500,0,1
16135,30100,30100,0,0,1
16550,30100,30100,0,0,1
16138,30100,30100,0,0,1
16888,30100,27100,3000,0,1
16016,30100,30100,0,0,1
16003,30100,30100,0,0,1
16389,30100,30100,0,0,1
15793,30100,30100,0,0,1
15946,30100,30100,0,0,1
16047,30100,30100,0,0,1
16789,30100,30100,0,0,1
16218,30100,30100,0,0,1
16127,30100,30100,0,0,1
16028,30100,30100,0,0,1
16373,30100,30100,0,0,1
16429,30100,30100,0,0,1
16418,30100,30100,0,0,1
16317,30100,22675,7425,0,1
16501,30100,30100,0,0,1
15911,30100,30100,0,0,1
15855,30100,30100,0,0,1
16269,30100,30100,0,0,1
16233,30100,30100,0,0,1
16273,30100,30100,0,0,1
17100,30100,30100,0,0,1
16010,30100,30100,0,0,1
15825,30100,30100,0,0,1
16730,30100,30100,0,0,1
16731,30100,30100,0,0,1
17027,30100,30100,0,0,1
16492,30100,30100,0,0,1
16587,30100,29600,500,0,1
16063,30100,30100,0,0,1
16795,30100,30100,0,0,1
16009,30100,30100,0,0,1
16889,30100,30100,0,0,1
16774,30100,30100,0,0,1
15924,30100,30100,0,0,1
16884,30100,30100,0,0,1
16143,30100,22675,7425,0,1
16757,30100,30100,0,0,1
16404,30100,30100,0,0,1
16763,30100,30100,0,0,1
16035,30100,30100,0,0,1
16290,30100,30100,0,0,1
15992,30100,30100,0,0,1
16314,30100,30100,0,0,1
16458,30100,30100,0,0,1
17031,30100,30100,0,0,1
16005,30100,30100,0,0,1
16160,30100,30100,0,0,1
16134,30100,30100,0,0,1
16469,30100,30100,0,0,1
16433,30100,30100,0,0,1
16295,30100,22675,7425,0,1
16480,30100,30100,0,0,1
16224,30100,30100,0,0,1
16990,30100,30100,0,0,1
15868,30100,30100,0,0,1
15943,30100,30100,0,0,1
16520,30100,30100,0,0,1
15864,30100,30100,0,0,1
16026,30100,27100,3000,0,1
15999,30100,30100,0,0,1
16491,30100,30100,0,0,1
16787,30100,30100,0,0,1
16609,30100,30100,0,0,1
16842,30100,30100,0,0,1
16805,30100,30100,0,0,1
16017,30100,30100,0,0,1
16189,30100,30100,0,0,1
16816,30100,30100,0,0,1
16303,30100,30100,0,0,1
16941,30100,30100,0,0,1
16983,30100,30100,0,0,1
16882,30100,30100,0,0,1
16590,30100,30100,0,0,1
16369,30100,30100,0,0,1
15863,30100,30100,0,0,1
16813,30100,30100,0,0,1
16614,30100,15250,14850,0,1
16159,30100,30100,0,0,1
16783,30100,26100,4000,0,1
16723,30100,30100,0,0,1
16014,30100,30100,0,0,1
16383,30100,30100,0,0,1
16465,30100,30100,0,0,1
16307,30100,30100,0,0,1
15850,30100,27100,3000,0,1
17044,30100,30100,0,0,1
16799,30100,30100,0,0,1
15655,30100,30100,0,0,1
16296,30100,30100,0,0,1
16099,30100,30100,0,0,1
16013,30100,30100,0,0,1
16255,30100,30100,0,0,1
16798,30100,30100,0,0,1
16563,30100,30100,0,0,1
15782,30100,30100,0,0,1
16030,30100,30100,0,0,1
16297,30100,30100,0,0,1
16184,30100,22675,7425,0,1
16027,30100,30100,0,0,1
16267,30100,30100,0,0,1
16525,30100,30100,0,0,1
17043,30100,30100,0,0,1
15967,30100,30100,0,0,1
15923,30100,22675,7425,0,1
16193,30100,22675,7425,0,1
16714,30100,30100,0,0,1
16023,30100,30100,0,0,1
16286,30100,30100,0,0,1
15918,30100,30100,0,0,1
15847,30100,30100,0,0,1
16453,30100,30100,0,0,1
16746,30100,30100,0,0,1
16737,30100,30100,0,0,1
16445,30100,30100,0,0,1
15854,30100,30100,0,0,1
15980,30100,22675,7425,0,1
16256,30100,30100,0,0,1
16043,30100,30100,0,0,1
16024,30100,27100,3000,0,1
16735,30100,30100,0,0,1
15894,30100,30100,0,0,1
16285,30100,30100,0,0,1
16828,30100,30100,0,0,1
16556,30100,30100,0,0,1
16388,30100,30100,0,0,1
16617,30100,30100,0,0,1
16749,30100,30100,0,0,1
15866,30100,30100,0,0,1
16106,30100,30100,0,0,1
15917,30100,30100,0,0,1
15944,30100,30100,0,0,1
16559,30100,30100,0,0,1
16246,30100,30100,0,0,1
16732,30100,30100,0,0,1
16632,30100,30100,0,0,1
16277,30100,30100,0,0,1
16284,30100,30100,0,0,1
16616,30100,30100,0,0,1
15824,30100,30100,0,0,1
16595,30100,30100,0,0,1
17092,30100,30100,0,0,1
16105,30100,29600,500,0,1
16236,30100,30100,0,0,1
16235,30100,30100,0,0,1
16489,30100,30100,0,0,1
15889,30100,30100,0,0,1
15828,30100,30100,0,0,1
17051,30100,30100,0,0,1
16811,30100,30100,0,0,1
15542,30100,30100,0,0,1
16720,30100,30100,0,0,1
15660,30100,29600,500,0,1
15549,30100,30100,0,0,1
16120,30100,30100,0,0,1
16873,30100,30100,0,0,1
16544,30100,30100,0,0,1
15788,30100,25100,5000,0,1
17104,30100,30100,0,0,1
16157,30100,30100,0,0,1
15790,30100,30100,0,0,1
16181,30100,30100,0,0,1
16733,30100,30100,0,0,1
16553,30100,30100,0,0,1
16707,30100,30100,0,0,1
15826,30100,30100,0,0,1
15666,30100,30100,0,0,1
16548,30100,30100,0,0,1
16263,30100,22675,7425,0,1
16475,30100,30100,0,0,1
16555,30100,30100,0,0,1
17065,30100,30100,0,0,1
15811,30100,30100,0,0,1
15932,30100,15250,14850,0,1
17025,30100,30100,0,0,1
15762,30100,30100,0,0,1
15888,30100,30100,0,0,1
17098,30100,22675,0,7425,1
15942,30100,30100,0,0,1
17101,30100,30100,0,0,1
15960,30100,30100,0,0,1
16604,30100,30100,0,0,1
16415,30100,30100,0,0,1
15787,30100,30100,0,0,1
16070,30100,29600,500,0,1
15858,30100,30100,0,0,1
15817,30100,30100,0,0,1
16368,30100,30100,0,0,1
16825,30100,30100,0,0,1
16243,30100,0,0,30100,1
17021,30100,30100,0,0,1
16472,30100,30100,0,0,1
15781,30100,30100,0,0,1
16163,30100,27600,2500,0,1
16095,30100,30100,0,0,1
16147,30100,30100,0,0,1
15639,30100,30100,0,0,1
15744,30100,15250,14850,0,1
16995,30100,30100,0,0,1
16266,30100,30100,0,0,1
15801,30100,30100,0,0,1
15632,30100,30100,0,0,1
17067,30100,30100,0,0,1
15780,30100,27100,3000,0,1
15734,30100,30100,0,0,1
16104,30100,30100,0,0,1
15840,30100,15250,14850,0,1
16211,30100,30100,0,0,1
15690,30100,30100,0,0,1
16167,30100,30100,0,0,1
17063,30100,30100,0,0,1
16220,30100,30100,0,0,1
16397,30100,30100,0,0,1
16878,30100,30100,0,0,1
16195,30100,30100,0,0,1
15844,30100,30100,0,0,1
15610,30100,30100,0,0,1
15823,30100,30100,0,0,1
15684,30100,30100,0,0,1
15758,30100,30100,0,0,1
16569,30100,30100,0,0,1
16040,30100,30100,0,0,1
16613,30100,22100,8000,0,1
17041,30100,30100,0,0,1
15764,30100,30100,0,0,1
15609,30100,30100,0,0,1
16164,30100,30100,0,0,1
15818,30100,30100,0,0,1
15751,30100,30100,0,0,1
15874,30100,30100,0,0,1
17108,30100,30100,0,0,1
16145,30100,30100,0,0,1
15797,30100,30100,0,0,1
15749,30100,30100,0,0,1
17116,30100,30100,0,0,1
16887,30100,26600,3500,0,1
16152,30100,30100,0,0,1
16741,30100,30100,0,0,1
15926,30100,30100,0,0,1
15810,30100,30100,0,0,1
16229,30100,30100,0,0,1
16975,30100,15250,14850,0,1
16209,30100,30100,0,0,1
16260,30100,30100,0,0,1
16089,30100,30100,0,0,1
15512,30100,22675,7425,0,1
15915,30100,24100,6000,0,1
15637,30100,30100,0,0,1
16837,30100,30100,0,0,1
15929,30100,30100,0,0,1
15750,30100,30100,0,0,1
15819,30100,30100,0,0,1
15746,30100,15250,14850,0,1
15755,30100,30100,0,0,1
15699,30100,30100,0,0,1
16187,30100,30100,0,0,1
17034,30100,30100,0,0,1
16443,30100,30100,0,0,1
16599,30100,15250,0,14850,1
15625,30100,22675,7425,0,1
15775,30100,27600,2500,0,1
15757,30100,30100,0,0,1
15541,30100,30100,0,0,1
15753,30100,30100,0,0,1
16797,30100,30100,0,0,1
15890,30100,30100,0,0,1
16280,30100,30100,0,0,1
16289,30100,30100,0,0,1
15893,30100,30100,0,0,1
15800,30100,30100,0,0,1
15922,30100,30100,0,0,1
16880,30100,30100,0,0,1
15558,30100,30100,0,0,1
17139,30100,30100,0,0,1
16806,31200,31200,0,0,1
15236,31200,31200,0,0,1
15945,31200,15800,15400,0,1
17087,31200,31200,0,0,1
16584,31200,31200,0,0,1
15448,31200,31200,0,0,1
16022,31200,31200,0,0,1
15498,31200,31200,0,0,1
16897,31200,31200,0,0,1
16611,31200,31200,0,0,1
15334,31200,31200,0,0,1
16508,31200,31200,0,0,1
17010,31200,31200,0,0,1
15504,31200,31200,0,0,1
15804,31200,31200,0,0,1
16216,31200,31200,0,0,1
15505,31200,31200,0,0,1
15532,31200,30700,500,0,1
15768,31200,31200,0,0,1
15507,31200,31200,0,0,1
15565,31200,31200,0,0,1
15612,31200,27200,4000,0,1
16456,31200,31200,0,0,1
16486,31200,31200,0,0,1
16531,31200,31200,0,0,1
16046,31200,31200,0,0,1
15651,31200,31200,0,0,1
15529,31200,31200,0,0,1
16192,31200,30700,500,0,1
15761,31200,31200,0,0,1
16036,31200,31200,0,0,1
16476,31200,31200,0,0,1
15593,31200,31200,0,0,1
15509,31200,31200,0,0,1
16810,31200,31200,0,0,1
16031,31200,31200,0,0,1
17024,31200,31200,0,0,1
15543,31200,31200,0,0,1
15525,31200,31200,0,0,1
15213,31200,30700,500,0,1
15831,31200,31200,0,0,1
15587,31200,31200,0,0,1
17042,31200,31200,0,0,1
15495,31200,31200,0,0,1
15938,31200,31200,0,0,1
15503,31200,31200,0,0,1
15552,31200,31200,0,0,1
15534,31200,31200,0,0,1
15233,31200,31200,0,0,1
16580,31200,31200,0,0,1
16098,31200,31200,0,0,1
15644,31200,31200,0,0,1
15648,31200,26200,5000,0,1
17095,31200,31200,0,0,1
15479,31200,15800,15400,0,1
15511,31200,23500,7700,0,1
15602,31200,23500,7700,0,1
15540,31200,31200,0,0,1
15769,31200,31200,0,0,1
15501,31200,31200,0,0,1
15617,31200,31200,0,0,1
17102,31200,31200,0,0,1
16122,31200,31200,0,0,1
15706,31200,31200,0,0,1
16607,31200,31200,0,0,1
16177,31200,31200,0,0,1
15347,31200,15800,15400,0,1
15520,31200,28200,3000,0,1
16432,31200,31200,0,0,1
15861,31200,31200,0,0,1
15544,31200,31200,0,0,1
15282,31200,31200,0,0,1
15215,31200,23500,7700,0,1
15218,31200,31200,0,0,1
15531,31200,31200,0,0,1
16802,31200,31200,0,0,1
15631,31200,23500,7700,0,1
15522,31200,31200,0,0,1
15677,31200,31200,0,0,1
15394,31200,31200,0,0,1
16481,31200,31200,0,0,1
15584,31200,28200,3000,0,1
15523,31200,31200,0,0,1
15618,31200,31200,0,0,1
16096,31200,31200,0,0,1
16528,31200,31200,0,0,1
15539,31200,31200,0,0,1
15267,31200,31200,0,0,1
15344,31200,31200,0,0,1
16537,31200,31200,0,0,1
15550,31200,31200,0,0,1
15338,31200,31200,0,0,1
15508,31200,31200,0,0,1
15569,31200,31200,0,0,1
15536,31200,31200,0,0,1
15535,31200,31200,0,0,1
15538,31200,31200,0,0,1
16444,31200,31200,0,0,1
15665,31200,31200,0,0,1
16765,31200,30700,500,0,1
16505,31200,31200,0,0,1
16574,31200,31200,0,0,1
15636,31200,31200,0,0,1
15524,31200,31200,0,0,1
15570,31200,31200,0,0,1
16608,31200,31200,0,0,1
15371,31200,31200,0,0,1
15269,31200,31200,0,0,1
16572,31200,31200,0,0,1
17151,31200,31200,0,0,1
15481,31200,31200,0,0,1
16784,31200,31200,0,0,1
15691,31200,31200,0,0,1
15771,31200,31200,0,0,1
15546,31200,28700,2500,0,1
15459,31200,15800,15400,0,1
16223,31200,31200,0,0,1
16755,31200,31200,0,0,1
16858,31200,31200,0,0,1
15537,31200,31200,0,0,1
15454,31200,15800,0,15400,1
17062,31200,31200,0,0,1
15820,31200,31200,0,0,1
16398,31200,31200,0,0,1
15562,31200,31200,0,0,1
15506,31200,31200,0,0,1
15478,31200,31200,0,0,1
15564,31200,31200,0,0,1
15526,31200,23000,8200,0,1
15533,31200,31200,0,0,1
15545,31200,31200,0,0,1
15554,31200,26200,5000,0,1
16302,31200,31200,0,0,1
15555,31200,31200,0,0,1
16121,31200,31200,0,0,1
15567,31200,31200,0,0,1
16430,31200,31200,0,0,1
15499,31200,31200,0,0,1
15396,31200,31200,0,0,1
16859,31200,31200,0,0,1
15573,31200,31200,0,0,1
15513,31200,31200,0,0,1
15553,31200,31200,0,0,1
15613,31200,28200,3000,0,1
17069,31200,23500,7700,0,1
15517,31200,31200,0,0,1
16697,31200,31200,0,0,1
16772,31200,31200,0,0,1
15237,31200,31200,0,0,1
15322,31200,31200,0,0,1
15270,31200,31200,0,0,1
15013,31200,31200,0,0,1
15367,31200,31200,0,0,1
15408,31200,31200,0,0,1
14889,31200,31200,0,0,1
16274,31200,31200,0,0,1
15341,31200,31200,0,0,1
15258,31200,31200,0,0,1
15774,31200,31200,0,0,1
16718,31200,31200,0,0,1
15179,31200,31200,0,0,1
15477,31200,31200,0,0,1
16579,31200,31200,0,0,1
15187,31200,31200,0,0,1
15490,31200,31200,0,0,1
15235,31200,31200,0,0,1
15802,31200,31200,0,0,1
15262,31200,31200,0,0,1
15343,31200,31200,0,0,1
15398,31200,31200,0,0,1
17107,31200,31200,0,0,1
15405,31200,31200,0,0,1
15594,31200,31200,0,0,1
16615,31200,31200,0,0,1
15795,31200,31200,0,0,1
15919,31200,31200,0,0,1
15357,31200,31200,0,0,1
17117,31200,31200,0,0,1
16752,31200,31200,0,0,1
15708,31200,31200,0,0,1
16221,31200,31200,0,0,1
15335,31200,31200,0,0,1
16203,31200,31200,0,0,1
16895,31200,31200,0,0,1
16499,31200,30700,500,0,1
15261,31200,23000,8200,0,1
15325,31200,26200,5000,0,1
15410,31200,31200,0,0,1
15199,31200,31200,0,0,1
15898,31200,31200,0,0,1
15214,31200,31200,0,0,1
15212,31200,31200,0,0,1
15765,31200,31200,0,0,1
15009,31200,31200,0,0,1
15220,31200,31200,0,0,1
16175,31200,31200,0,0,1
15318,31200,31200,0,0,1
15191,31200,31200,0,0,1
15231,31200,28200,3000,0,1
16210,31200,31200,0,0,1
14938,31200,31200,0,0,1
15271,31200,31200,0,0,1
15186,31200,31200,0,0,1
16886,31200,28200,3000,0,1
16076,31200,27200,4000,0,1
15240,31200,31200,0,0,1
14895,31200,31200,0,0,1
15464,31200,31200,0,0,1
15078,31200,31200,0,0,1
15185,31200,27200,4000,0,1
16761,31200,31200,0,0,1
17081,31200,31200,0,0,1
14976,31200,31200,0,0,1
16041,31200,31200,0,0,1
16745,31200,31200,0,0,1
16182,31200,31200,0,0,1
16155,31200,31200,0,0,1
15302,31200,31200,0,0,1
15324,31200,31200,0,0,1
16894,31200,31200,0,0,1
16839,31200,31200,0,0,1
15796,31200,31200,0,0,1
15196,31200,31200,0,0,1
15219,31200,31200,0,0,1
15242,31200,31200,0,0,1
15257,31200,31200,0,0,1
17054,31200,31200,0,0,1
15048,31200,31200,0,0,1
16056,31200,31200,0,0,1
16375,31200,31200,0,0,1
15252,31200,31200,0,0,1
15200,31200,31200,0,0,1
14915,31200,31200,0,0,1
15370,31200,27200,4000,0,1
15204,31200,31200,0,0,1
15614,31200,31200,0,0,1
15622,31200,31200,0,0,1
16788,31200,31200,0,0,1
15348,31200,31200,0,0,1
15368,31200,31200,0,0,1
15039,31200,31200,0,0,1
15209,31200,31200,0,0,1
15869,31200,23500,7700,0,1
16726,31200,31200,0,0,1
16313,31200,31200,0,0,1
15224,31200,31200,0,0,1
15404,31200,31200,0,0,1
16239,31200,31200,0,0,1
16621,31200,31200,0,0,1
15595,31200,31200,0,0,1
15713,31200,31200,0,0,1
15225,31200,31200,0,0,1
16872,31200,31200,0,0,1
15310,31200,31200,0,0,1
17134,31200,31200,0,0,1
15832,31200,31200,0,0,1
15859,31200,31200,0,0,1
15174,31200,31200,0,0,1
15217,31200,31200,0,0,1
15234,31200,31200,0,0,1
15321,31200,31200,0,0,1
14892,31200,31200,0,0,1
16796,31200,31200,0,0,1
15880,31200,23500,7700,0,1
16603,31200,31200,0,0,1
16785,31200,31200,0,0,1
14859,31200,31200,0,0,1
15255,31200,31200,0,0,1
15365,31200,31200,0,0,1
15226,31200,31200,0,0,1
15163,31200,31200,0,0,1
16060,31200,31200,0,0,1
16893,31200,31200,0,0,1
14905,31200,31200,0,0,1
16801,31200,31200,0,0,1
15047,31200,31200,0,0,1
15393,31200,31200,0,0,1
15392,31200,31200,0,0,1
16782,31200,27200,4000,0,1
15197,31200,31200,0,0,1
14969,31200,31200,0,0,1
15379,31200,31200,0,0,1
16231,31200,31200,0,0,1
15901,31200,31200,0,0,1
15155,31200,23500,7700,0,1
16564,31200,23500,7700,0,1
15416,31200,31200,0,0,1
15208,31200,31200,0,0,1
15195,31200,31200,0,0,1
15201,31200,31200,0,0,1
17035,31200,31200,0,0,1
17149,31200,31200,0,0,1
17061,32300,32300,0,0,1
17115,32300,32300,0,0,1
16455,32300,32300,0,0,1
15004,32300,32300,0,0,1
14906,32300,32300,0,0,1
16874,32300,32300,0,0,1
14925,32300,32300,0,0,1
15076,32300,32300,0,0,1
15003,32300,32300,0,0,1
16191,32300,32300,0,0,1
17070,32300,24325,7975,0,1
14888,32300,32300,0,0,1
15119,32300,32300,0,0,1
15014,32300,32300,0,0,1
14965,32300,32300,0,0,1
15116,32300,32300,0,0,1
14896,32300,32300,0,0,1
14886,32300,32300,0,0,1
16871,32300,32300,0,0,1
16292,32300,32300,0,0,1
15572,32300,32300,0,0,1
14997,32300,32300,0,0,1
15089,32300,32300,0,0,1
15038,32300,32300,0,0,1
14970,32300,32300,0,0,1
14932,32300,24325,7975,0,1
14968,32300,32300,0,0,1
17040,32300,32300,0,0,1
15603,32300,32300,0,0,1
14881,32300,31800,500,0,1
15599,32300,32300,0,0,1
14987,32300,32300,0,0,1
14864,32300,32300,0,0,1
16725,32300,32300,0,0,1
14975,32300,32300,0,0,1
16457,32300,32300,0,0,1
15355,32300,32300,0,0,1
15899,32300,0,0,32300,1
15990,32300,32300,0,0,1
16052,32300,32300,0,0,1
17144,32300,32300,0,0,1
15645,32300,32300,0,0,1
14963,32300,32300,0,0,1
16906,32300,32300,0,0,1
15583,32300,32300,0,0,1
14989,32300,32300,0,0,1
16883,32300,32300,0,0,1
15278,32300,31800,500,0,1
14955,32300,32300,0,0,1
15308,32300,32300,0,0,1
14848,32300,32300,0,0,1
16817,32300,32300,0,0,1
14988,32300,32300,0,0,1
16860,32300,32300,0,0,1
15444,32300,32300,0,0,1
15988,32300,32300,0,0,1
16629,32300,32300,0,0,1
15085,32300,32300,0,0,1
15158,32300,24325,7975,0,1
14872,32300,32300,0,0,1
14861,32300,31800,500,0,1
15837,32300,32300,0,0,1
14902,32300,32300,0,0,1
14499,32300,32300,0,0,1
15300,32300,32300,0,0,1
14937,32300,32300,0,0,1
14497,32300,31800,500,0,1
15896,32300,32300,0,0,1
16527,32300,32300,0,0,1
14693,32300,32300,0,0,1
14733,32300,32300,0,0,1
15041,32300,32300,0,0,1
16578,32300,32300,0,0,1
14875,32300,32300,0,0,1
16546,32300,32300,0,0,1
14990,32300,32300,0,0,1
16067,32300,32300,0,0,1
15623,32300,32300,0,0,1
14949,32300,32300,0,0,1
14669,32300,24325,7975,0,1
16168,32300,32300,0,0,1
16879,32300,32300,0,0,1
16870,32300,32300,0,0,1
16461,32300,32300,0,0,1
15664,32300,32300,0,0,1
14869,32300,32300,0,0,1
14883,32300,32300,0,0,1
15305,32300,32300,0,0,1
14953,32300,29300,3000,0,1
14919,32300,32300,0,0,1
14874,32300,24325,0,7975,1
15611,32300,32300,0,0,1
17019,32300,32300,0,0,1
15088,32300,32300,0,0,1
14862,32300,32300,0,0,1
14879,32300,16350,15950,0,1
14645,32300,32300,0,0,1
14946,32300,32300,0,0,1
15026,32300,32300,0,0,1
15400,32300,24325,7975,0,1
15301,32300,24325,7975,0,1
14877,32300,32300,0,0,1
14867,32300,16350,15950,0,1
14944,32300,27300,5000,0,1
15019,32300,31800,500,0,1
17030,32300,32300,0,0,1
15222,32300,32300,0,0,1
15254,32300,32300,0,0,1
15025,32300,32300,0,0,1
17094,32300,32300,0,0,1
15005,32300,32300,0,0,1
15582,32300,32300,0,0,1
14899,32300,32300,0,0,1
14854,32300,32300,0,0,1
14870,32300,32300,0,0,1
15134,32300,32300,0,0,1
15118,32300,32300,0,0,1
14966,32300,32300,0,0,1
14962,32300,32300,0,0,1
15381,32300,32300,0,0,1
14947,32300,16350,15950,0,1
17150,32300,32300,0,0,1
15925,32300,32300,0,0,1
14739,32300,32300,0,0,1
14908,32300,32300,0,0,1
16042,32300,32300,0,0,1
14868,32300,29300,3000,0,1
14856,32300,32300,0,0,1
14958,32300,24325,7975,0,1
14904,32300,32300,0,0,1
15434,32300,32300,0,0,1
14977,32300,16350,15950,0,1
17056,32300,32300,0,0,1
15642,32300,32300,0,0,1
14931,32300,29800,2500,0,1
16832,32300,32300,0,0,1
15577,32300,32300,0,0,1
16571,32300,32300,0,0,1
14871,32300,32300,0,0,1
16536,32300,32300,0,0,1
14922,32300,32300,0,0,1
16809,32300,32300,0,0,1
14934,32300,32300,0,0,1
16240,32300,32300,0,0,1
14897,32300,32300,0,0,1
14873,32300,32300,0,0,1
16696,32300,32300,0,0,1
14863,32300,28800,3500,0,1
15358,32300,32300,0,0,1
14852,32300,32300,0,0,1
15976,32300,32300,0,0,1
14860,32300,32300,0,0,1
15669,32300,27300,5000,0,1
14907,32300,16350,15950,0,1
15011,32300,24800,7500,0,1
14880,32300,32300,0,0,1
16781,32300,32300,0,0,1
14936,32300,32300,0,0,1
14850,32300,29300,3000,0,1
14536,32300,32300,0,0,1
15616,32300,32300,0,0,1
14972,32300,32300,0,0,1
16575,32300,32300,0,0,1
14923,32300,32300,0,0,1
16212,32300,32300,0,0,1
14882,32300,32300,0,0,1
14967,32300,32300,0,0,1
14174,40000,40000,0,0,1
14732,40000,40000,0,0,1
14607,40000,40000,0,0,1
14523,40000,40000,0,0,1
16602,40000,40000,0,0,1
16450,40000,40000,0,0,1
14772,40000,40000,0,0,1
15974,40000,40000,0,0,1
14152,40000,40000,0,0,1
16079,40000,40000,0,0,1
15921,40000,40000,0,0,1
14614,40000,20200,19800,0,1
14717,40000,40000,0,0,1
14615,40000,20200,19800,0,1
16068,40000,40000,0,0,1
16496,40000,40000,0,0,1
14510,40000,40000,0,0,1
14517,40000,30100,9900,0,1
14686,40000,34000,6000,0,1
16708,40000,40000,0,0,1
16019,40000,40000,0,0,1
14564,40000,40000,0,0,1
14694,40000,40000,0,0,1
15287,40000,40000,0,0,1
14535,40000,40000,0,0,1
16208,40000,40000,0,0,1
14495,40000,40000,0,0,1
16902,40000,40000,0,0,1
14797,40000,20200,0,19800,1
15455,40000,40000,0,0,1
14747,40000,20200,19800,0,1
14493,40000,40000,0,0,1
14543,40000,36000,4000,0,1
14521,40000,40000,0,0,1
14522,40000,40000,0,0,1
16118,40000,40000,0,0,1
15329,40000,30100,0,9900,1
14518,40000,40000,0,0,1
15842,40000,40000,0,0,1
14570,40000,40000,0,0,1
14511,40000,40000,0,0,1
14620,40000,40000,0,0,1
15247,40000,40000,0,0,1
14582,40000,40000,0,0,1
15253,40000,40000,0,0,1
14792,40000,40000,0,0,1
15727,40000,40000,0,0,1
16077,40000,30100,9900,0,1
15681,40000,40000,0,0,1
15274,40000,37500,2500,0,1
15838,40000,40000,0,0,1
14595,40000,40000,0,0,1
16468,40000,40000,0,0,1
14625,40000,40000,0,0,1
15385,40000,40000,0,0,1
15345,40000,40000,0,0,1
14542,40000,40000,0,0,1
14706,40000,40000,0,0,1
14519,40000,40000,0,0,1
14643,40000,40000,0,0,1
14593,40000,40000,0,0,1
14793,40000,40000,0,0,1
14612,40000,40000,0,0,1
14678,40000,40000,0,0,1
14509,40000,40000,0,0,1
16436,40000,40000,0,0,1
14496,40000,40000,0,0,1
16734,40000,40000,0,0,1
14608,40000,40000,0,0,1
14729,40000,40000,0,0,1
14571,40000,40000,0,0,1
14690,40000,40000,0,0,1
15053,40000,40000,0,0,1
14652,40000,40000,0,0,1
14573,40000,40000,0,0,1
14501,40000,40000,0,0,1
14576,40000,40000,0,0,1
16485,40000,40000,0,0,1
15277,40000,39500,500,0,1
14540,40000,40000,0,0,1
14630,40000,20200,19800,0,1
16051,40000,40000,0,0,1
14791,40000,40000,0,0,1
14532,40000,40000,0,0,1
16059,40000,40000,0,0,1
14544,40000,40000,0,0,1
14920,40000,40000,0,0,1
15288,40000,40000,0,0,1
16562,40000,40000,0,0,1
14691,40000,40000,0,0,1
14940,40000,40000,0,0,1
15012,40000,32500,7500,0,1
15879,40000,40000,0,0,1
14546,40000,30100,9900,0,1
14828,40000,40000,0,0,1
16891,40000,40000,0,0,1
14598,40000,40000,0,0,1
16428,40000,40000,0,0,1
15839,40000,40000,0,0,1
14635,40000,40000,0,0,1
15319,40000,9900,0,30100,1
16061,40000,40000,0,0,1
15952,40000,40000,0,0,1
15654,40000,40000,0,0,1
14578,40000,40000,0,0,1
14500,40000,40000,0,0,1
15223,40000,40000,0,0,1
14933,40000,40000,0,0,1
14956,40000,40000,0,0,1
14502,40000,39500,500,0,1
16826,40000,40000,0,0,1
16173,40000,40000,0,0,1
14550,40000,40000,0,0,1
15249,40000,20200,0,19800,1
14548,40000,40000,0,0,1
14541,40000,40000,0,0,1
15728,42200,42200,0,0,1
14154,42200,42200,0,0,1
16045,42200,42200,0,0,1
14488,42200,31750,10450,0,1
16176,42200,42200,0,0,1
15096,42200,42200,0,0,1
16460,42200,42200,0,0,1
16736,42200,42200,0,0,1
14115,42200,42200,0,0,1
15904,42200,42200,0,0,1
14626,42200,42200,0,0,1
15743,42200,42200,0,0,1
14319,42200,42200,0,0,1
14569,42200,42200,0,0,1
14162,42200,42200,0,0,1
14269,42200,42200,0,0,1
14314,42200,42200,0,0,1
14406,42200,21300,20900,0,1
14210,42200,42200,0,0,1
15453,42200,42200,0,0,1
14311,42200,42200,0,0,1
14355,42200,42200,0,0,1
14167,42200,42200,0,0,1
13822,42200,21300,20900,0,1
14190,42200,42200,0,0,1
14224,42200,31750,10450,0,1
14194,42200,42200,0,0,1
14276,42200,42200,0,0,1
13846,42200,42200,0,0,1
14240,42200,42200,0,0,1
14252,42200,42200,0,0,1
14991,42200,42200,0,0,1
14160,42200,42200,0,0,1
16588,42200,42200,0,0,1
15018,42200,41700,500,0,1
15363,42200,41700,500,0,1
14416,42200,42200,0,0,1
14117,42200,42200,0,0,1
14384,42200,21300,20900,0,1
14179,42200,42200,0,0,1
14109,42200,42200,0,0,1
14213,42200,42200,0,0,1
16196,42200,31750,0,10450,1
14647,42200,42200,0,0,1
14153,42200,42200,0,0,1
14285,42200,42200,0,0,1
14203,42200,42200,0,0,1
14455,42200,42200,0,0,1
14611,42200,42200,0,0,1
14181,42200,42200,0,0,1
14939,42200,42200,0,0,1
16178,42200,42200,0,0,1
16141,42200,42200,0,0,1
14575,42200,42200,0,0,1
15457,42200,10450,0,31750,1
14942,42200,42200,0,0,1
14204,42200,42200,0,0,1
16742,42200,42200,0,0,1
14384A,42200,42200,0,0,1
14843,42200,42200,0,0,1
14156,42200,42200,0,0,1
16247,42200,42200,0,0,1
15621,42200,21300,20900,0,1
14157,42200,42200,0,0,1
14321,42200,21300,20900,0,1
14292,42200,42200,0,0,1
15110,42200,42200,0,0,1
14350,42200,42200,0,0,1
16512,42200,42200,0,0,1
14941,42200,42200,0,0,1
14169,42200,42200,0,0,1
15702,42200,42200,0,0,1
16488,42200,42200,0,0,1
14952,42200,42200,0,0,1
14317,42200,42200,0,0,1
14122,42200,42200,0,0,1
14106,42200,42200,0,0,1
16165,42200,41700,500,0,1
14917,42200,42200,0,0,1
16431,42200,42200,0,0,1
15955,42200,42200,0,0,1
15450,42200,42200,0,0,1
16847,42200,42200,0,0,1
14158,42200,42200,0,0,1
15035,42200,42200,0,0,1
14121,42200,42200,0,0,1
14637,42200,42200,0,0,1
14254,42200,38200,4000,0,1
14166,42200,42200,0,0,1
14708,42200,42200,0,0,1
14132,42200,42200,0,0,1
14119,42200,42200,0,0,1
14136,42200,42200,0,0,1
15487,42200,42200,0,0,1
14207,42200,42200,0,0,1
14249,42200,42200,0,0,1
14206,42200,42200,0,0,1
14798,42200,21300,0,20900,1
14228,42200,34200,8000,0,1
14114,42200,42200,0,0,1
16727,42200,42200,0,0,1
14333,42200,42200,0,0,1
16126,42200,42200,0,0,1
16844,42200,42200,0,0,1
16846,42200,42200,0,0,1
14313,42200,42200,0,0,1
14315,42200,42200,0,0,1
16119,42200,42200,0,0,1
14461,42200,42200,0,0,1
14463,42200,42200,0,0,1
14108,42200,39200,3000,0,1
14741,42200,42200,0,0,1
14581,42200,42200,0,0,1
14459,42200,42200,0,0,1
15670,42200,42200,0,0,1
16630,42200,42200,0,0,1
14112,42200,42200,0,0,1
14432,42200,42200,0,0,1
14449,42200,42200,0,0,1
15027,42200,42200,0,0,1
14584,42200,42200,0,0,1
14468,42200,42200,0,0,1
14111,42200,42200,0,0,1
15962,42200,42200,0,0,1
15079,42200,42200,0,0,1
14143,42200,42200,0,0,1
14366,42200,42200,0,0,1
14180,42200,42200,0,0,1
14237,42200,42200,0,0,1
14374,42200,42200,0,0,1
15095,42200,42200,0,0,1
14409,42200,42200,0,0,1
15475,42200,42200,0,0,1
14163,42200,42200,0,0,1
14113,42200,42200,0,0,1
14308,42200,42200,0,0,1
16372,42200,42200,0,0,1
14830,42200,42200,0,0,1
14562,42200,42200,0,0,1
16062,42200,42200,0,0,1
15015,42200,42200,0,0,1
14242,42200,42200,0,0,1
14236,42200,42200,0,0,1
15939,41800,31350,10450,0,1
13738,41800,41800,0,0,1
14202,41800,41800,0,0,1
16083,41800,41800,0,0,1
13801,41800,41800,0,0,1
14291,41800,41800,0,0,1
14002,41800,41800,0,0,1
15097,41800,41800,0,0,1
16861,41800,41800,0,0,1
14358,41800,41800,0,0,1
13816,41800,41800,0,0,1
15040,41800,41800,0,0,1
16087,41800,41800,0,0,1
14229,41800,41800,0,0,1
13916,41800,41800,0,0,1
15908,41800,41800,0,0,1
13856,41800,31350,10450,0,1
16132,41800,41300,500,0,1
16071,41800,41800,0,0,1
14448,41800,41800,0,0,1
13813,41800,41800,0,0,1
13791,41800,41800,0,0,1
13730,41800,20900,0,20900,1
13837,41800,41800,0,0,1
13835,41800,41800,0,0,1
14222,41800,41800,0,0,1
13859,41800,41800,0,0,1
14636,41800,41800,0,0,1
15975,41800,41800,0,0,1
13690,41800,41800,0,0,1
15081,41800,41800,0,0,1
16116,41800,41800,0,0,1
16090,41800,41800,0,0,1
13809,41800,41800,0,0,1
13868,41800,41800,0,0,1
14589,41800,41800,0,0,1
15853,41800,41800,0,0,1
13566,41800,41800,0,0,1
16154,41800,41800,0,0,1
13794,41800,41800,0,0,1
13790,41800,41800,0,0,1
15972,41800,0,0,41800,1
14099,41800,31350,10450,0,1
14066,41800,41800,0,0,1
13893,41800,41800,0,0,1
14000,41800,31350,10450,0,1
13821,41800,41800,0,0,1
16074,41800,41800,0,0,1
16288,41800,41800,0,0,1
13842,41800,41800,0,0,1
13828,41800,20900,20900,0,1
13789,41800,41800,0,0,1
13834,41800,20900,20900,0,1
14590,41800,41800,0,0,1
15136,41800,41800,0,0,1
15865,41800,41800,0,0,1
13802,41800,41800,0,0,1
15470,41800,41800,0,0,1
16909,41800,41800,0,0,1
13810,41800,41800,0,0,1
13832,41800,41800,0,0,1
16628,41800,41800,0,0,1
15715,41800,41800,0,0,1
16183,41800,20900,20900,0,1
13825,41800,41800,0,0,1
14003,41800,41800,0,0,1
13793,41800,41800,0,0,1
13925,41800,41800,0,0,1
16780,41800,41800,0,0,1
16845,41800,41800,0,0,1
13876,41800,41800,0,0,1
13718,41800,41800,0,0,1
13917,41800,20900,20900,0,1
15275,41800,41300,500,0,1
14159,41800,41800,0,0,1
15469,41800,41800,0,0,1
16558,41800,41800,0,0,1
14071,41800,41800,0,0,1
16078,41800,31350,10450,0,1
13861,41800,41800,0,0,1
14023,41800,41800,0,0,1
16270,41800,41800,0,0,1
15098,41800,41800,0,0,1
14074,41800,41800,0,0,1
13815,41800,41800,0,0,1
13808,41800,41800,0,0,1
13841,41800,41800,0,0,1
13625,41800,31350,10450,0,1
14994,41800,41800,0,0,1
13931,41800,41800,0,0,1
14634,41800,41800,0,0,1
13896,41800,41800,0,0,1
13930,41800,41800,0,0,1
13840,41800,41800,0,0,1
13845,41800,35800,6000,0,1
14241,41800,41800,0,0,1
15748,41800,41300,500,0,1
14024,41800,41800,0,0,1
14672,41800,41800,0,0,1
15937,41800,41800,0,0,1
14774,41800,41800,0,0,1
14367,41800,41800,0,0,1
14376,41800,41800,0,0,1
13951,41800,41800,0,0,1
16819,41800,41800,0,0,1
14629,41800,41800,0,0,1
14076,41800,41800,0,0,1
13967,41800,41800,0,0,1
14171,41800,41800,0,0,1
13894,41800,41800,0,0,1
16088,41800,41800,0,0,1
13638,41800,41800,0,0,1
15402,41800,20400,21400,0,1
14551,41800,41800,0,0,1
13949,41800,41800,0,0,1
15463,41800,41800,0,0,1
15657,41800,41800,0,0,1
14005,41800,41800,0,0,1
15560,41800,41800,0,0,1
13578,41800,41800,0,0,1
14004,41800,41800,0,0,1
13980,41800,41800,0,0,1
13869,41800,20900,20900,0,1
14007,41800,41800,0,0,1
13553,41800,41800,0,0,1
13838,41800,41800,0,0,1
14680,41800,41800,0,0,1
16526,41800,41800,0,0,1
16213,41800,41800,0,0,1
13897,41800,41800,0,0,1
16228,41800,20900,20900,0,1
14458,41800,41800,0,0,1
14055,41800,41800,0,0,1
14606,41800,20400,21400,0,1
15471,41800,41800,0,0,1
13927,41800,41800,0,0,1
13820,41800,41800,0,0,1
14275,41800,41800,0,0,1
13613,41800,41800,0,0,1
13937,41800,41800,0,0,1
13681,41800,41800,0,0,1
13872,41800,41800,0,0,1
14845,41800,41800,0,0,1
15872,41800,41800,0,0,1
15741,41800,41800,0,0,1
13863,41800,37800,4000,0,1
14360,41800,41800,0,0,1
13796,41800,41800,0,0,1
17183,24000,12000,0,12000,2
17214,24000,12000,0,12000,2
17216,24000,12000,0,12000,2
17261,24000,12000,0,12000,2
17287,24000,6000,0,18000,2
17297,24000,6000,0,18000,2
17313,24000,12000,0,12000,2
17349,24000,12000,0,12000,2
17352,24000,12000,0,12000,2
17354,24000,6000,0,18000,2
17364,24000,6000,0,18000,2
17374,24000,12000,0,12000,2
17375,24000,12000,0,12000,2
16973,27000,13500,0,13500,2
17131,27000,13500,0,13500,2
17096,27000,13500,0,13500,2
17130,27000,13500,0,13500,2
17140,27000,6750,0,20250,2
17085,27000,13500,0,13500,2
17158,27000,6750,0,20250,2
17159,27000,6750,0,20250,2
17160,27000,13500,0,13500,2
17163,27000,6750,0,20250,2
17165,27000,13500,0,13500,2
17166,27000,13500,0,13500,2
17167,27000,13500,0,13500,2
17168,27000,13500,0,13500,2
17169,27000,13500,0,13500,2
17198,27000,6750,0,20250,2
17200,27000,13500,0,13500,2
17204,27000,13500,0,13500,2
17206,27000,13500,0,13500,2
17207,27000,6750,0,20250,2
17213,27000,13500,0,13500,2
17215,27000,13500,0,13500,2
17218,27000,13500,0,13500,2
17220,27000,13500,0,13500,2
17223,27000,6750,0,20250,2
17224,27000,13500,0,13500,2
17228,27000,13500,0,13500,2
17230,27000,13500,0,13500,2
17258,27000,13500,0,13500,2
17282,27000,6750,0,20250,2
17285,27000,13500,0,13500,2
17291,27000,6750,0,20250,2
17295,27000,13500,0,13500,2
17305,27000,6750,0,20250,2
17318,27000,6750,0,20250,2
17324,27000,13500,0,13500,2
17342,27000,13500,0,13500,2
17334,27000,13500,0,13500,2
17353,27000,13500,0,13500,2
17359,27000,13500,0,13500,2
17360,27000,13500,0,13500,2
17376,27000,13500,0,13500,2
17170,27000,13500,0,13500,2
17171,27000,27000,0,0,2
17172,27000,13500,0,13500,2
17173,27000,6750,0,20250,2
17174,27000,13500,0,13500,2
17175,27000,13500,0,13500,2
17176,27000,13500,0,13500,2
17177,27000,13500,0,13500,2
17179,27000,13500,0,13500,2
17180,27000,13500,0,13500,2
17181,27000,6750,0,20250,2
17185,27000,13500,0,13500,2
17186,27000,13500,0,13500,2
17187,27000,6750,0,20250,2
17189,27000,27000,0,0,2
17191,27000,6750,0,20250,2
17192,27000,6750,0,20250,2
17194,27000,13500,0,13500,2
17195,27000,6750,0,20250,2
17196,27000,6750,0,20250,2
17235,27000,13500,0,13500,2
17236,27000,6750,0,20250,2
17241,27000,6750,0,20250,2
17245,27000,6750,0,20250,2
17248,27000,0,0,27000,2
17249,27000,13500,0,13500,2
17253,27000,6750,0,20250,2
17255,27000,6750,0,20250,2
17269,27000,6750,0,20250,2
17273,27000,6750,0,20250,2
17283,27000,6750,0,20250,2
17288,27000,6750,0,20250,2
17292,27000,13500,0,13500,2
17299,27000,6750,0,20250,2
17312,27000,6750,0,20250,2
17319,27000,6750,0,20250,2
17329,27000,13500,0,13500,2
17365,27000,13500,0,13500,2
17366,27000,6750,0,20250,2
17368,27000,6750,0,20250,2
17373,27000,6750,0,20250,2
16922,27000,6750,0,20250,2
17103,27000,6750,0,20250,2
16938,27000,13500,0,13500,2
16921,27000,26500,500,0,2
17093,27000,6750,0,20250,2
17078,27000,6750,0,20250,2
16919,27000,13500,0,13500,2
16969,27000,6750,0,20250,2
16966,27000,6750,0,20250,2
17002,27000,0,0,27000,2
16934,27000,6750,0,20250,2
16979,27000,13500,0,13500,2
16923,27000,13500,0,13500,2
16986,27000,6750,0,20250,2
17118,27000,13500,0,13500,2
17083,27000,13500,0,13500,2
16942,27000,6750,0,20250,2
17048,27000,26500,500,0,2
16463,27000,6750,0,20250,2
17075,27000,6750,0,20250,2
17073,27000,13500,0,13500,2
16997,27000,6750,0,20250,2
17036,27000,6750,0,20250,2
17099,27000,13500,0,13500,2
16926,27000,0,0,27000,2
17146,27000,13500,0,13500,2
17148,27000,13500,0,13500,2
17246,27000,13500,0,13500,2
17278,27000,13500,0,13500,2
17281,27000,6750,0,20250,2
17314,27000,6750,0,20250,2
17315,27000,13500,0,13500,2
16920,27000,6750,0,20250,2
16932,27000,6750,0,20250,2
16918,27000,6750,0,20250,2
16913,27000,13500,0,13500,2
16987,27000,13500,0,13500,2
16965,27000,6750,0,20250,2
16912,27000,6750,0,20250,2
16968,27000,13500,0,13500,2
17126,27000,13500,0,13500,2
16924,27000,6750,0,20250,2
16998,27000,6750,0,20250,2
17022,27000,13500,0,13500,2
16962,27000,13500,0,13500,2
17001,27000,13500,0,13500,2
16961,27000,6750,0,20250,2
17105,27000,13500,0,13500,2
17080,27000,13500,0,13500,2
16994,27000,6750,0,20250,2
17049,27000,13500,0,13500,2
16977,27000,13500,0,13500,2
17004,27000,13500,0,13500,2
16996,27000,13500,0,13500,2
17208,27000,13500,0,13500,2
17210,27000,13500,0,13500,2
17238,27000,13500,0,13500,2
17277,27000,6750,0,20250,2
17280,27000,6750,0,20250,2
17304,27000,6750,0,20250,2
17311,27000,6750,0,20250,2
17322,27000,26500,500,0,2
17337,27000,6750,0,20250,2
17335,27000,6750,0,20250,2
17367,27000,13500,0,13500,2
17057,27000,6750,0,20250,2
17005,27000,13500,0,13500,2
17047,27000,6750,0,20250,2
16929,27000,6750,0,20250,2
16917,27000,6750,0,20250,2
16914,27000,6750,0,20250,2
16925,27000,13500,0,13500,2
16915,27000,13500,0,13500,2
16984,27000,6750,0,20250,2
17114,27000,6750,0,20250,2
16963,27000,13500,0,13500,2
16939,27000,6750,0,20250,2
17000,27000,0,0,27000,2
17003,27000,13500,0,13500,2
16951,27000,6750,0,20250,2
17106,27000,13500,0,13500,2
16985,27000,26500,500,0,2
16958,27000,6750,0,20250,2
16940,27000,13500,0,13500,2
16943,27000,13500,0,13500,2
17133,27000,6750,0,20250,2
17136,27000,6750,0,20250,2
17153,27000,13500,0,13500,2
17154,27000,0,0,27000,2
17164,27000,13500,0,13500,2
17197,27000,13500,0,13500,2
17237,27000,6750,0,20250,2
17276,27000,13500,0,13500,2
17323,27000,6750,0,20250,2
17351,27000,6750,0,20250,2
17363,27000,6750,0,20250,2
17347,27000,6750,0,20250,2
16775,31500,7750,0,23750,2
16637,31500,16000,0,15500,2
16750,31500,7750,0,23750,2
16689,31500,16000,0,15500,2
16930,31500,7750,0,23750,2
16639,31500,7750,0,23750,2
17109,31500,31500,0,0,2
17074,31500,16000,0,15500,2
16981,31500,7750,0,23750,2
17089,31500,16000,0,15500,2
16675,31500,16000,0,15500,2
17016,31500,7750,0,23750,2
16866,31500,7750,0,23750,2
16681,31500,7750,0,23750,2
16667,31500,16000,0,15500,2
16648,31500,16000,0,15500,2
16652,31500,16000,0,15500,2
17008,31500,16000,0,15500,2
16867,31500,7750,0,23750,2
16710,31500,7750,0,23750,2
16685,31500,16000,0,15500,2
17009,31500,16000,0,15500,2
17082,31500,31500,0,0,2
16654,31500,7750,0,23750,2
16820,31500,16000,0,15500,2
16991,31500,16000,0,15500,2
16671,31500,16000,0,15500,2
16698,31500,16000,0,15500,2
17155,31500,16000,0,15500,2
17190,31500,7750,0,23750,2
17212,31500,7750,0,23750,2
17219,31500,7750,0,23750,2
17222,31500,7750,0,23750,2
17243,31500,16000,0,15500,2
17244,31500,16000,0,15500,2
17267,31500,16000,0,15500,2
17275,31500,23750,0,7750,2
17310,31500,7750,0,23750,2
17316,31500,7750,0,23750,2
17332,31500,16000,0,15500,2
17348,31500,0,0,31500,2
17350,31500,16000,0,15500,2
17358,31500,16000,0,15500,2
16663,31500,16000,0,15500,2
16662,31500,0,0,31500,2
16655,31500,7750,0,23750,2
16670,31500,16000,0,15500,2
16711,31500,7750,0,23750,2
16715,31500,16000,0,15500,2
16638,31500,0,0,31500,2
16677,31500,7750,0,23750,2
16691,31500,16000,0,15500,2
16869,31500,16000,0,15500,2
16786,31500,7750,0,23750,2
16687,31500,7750,0,23750,2
16790,31500,7750,0,23750,2
16804,31500,16000,0,15500,2
16949,31500,7750,0,23750,2
16831,31500,7750,0,23750,2
16967,31500,31000,500,0,2
16899,31500,7750,0,23750,2
16679,31500,7750,0,23750,2
16647,31500,16000,0,15500,2
16812,31500,0,0,31500,2
16743,31500,7750,0,23750,2
16907,31500,7750,0,23750,2
16640,31500,7750,0,23750,2
17046,31500,7750,0,23750,2
16729,31500,7750,0,23750,2
16644,31500,7750,0,23750,2
16770,31500,7750,0,23750,2
17006,31500,16000,0,15500,2
16768,31500,7750,0,23750,2
17178,31500,7750,0,23750,2
17205,31500,16000,0,15500,2
17232,31500,31500,0,0,2
17233,31500,7750,0,23750,2
17247,31500,7750,0,23750,2
17262,31500,16000,0,15500,2
17263,31500,16000,0,15500,2
17289,31500,16000,0,15500,2
17325,31500,0,0,31500,2
17326,31500,0,0,31500,2
17327,31500,0,0,31500,2
17328,31500,0,0,31500,2
17377,31500,0,0,31500,2
16721,31500,7750,0,23750,2
16646,31500,16000,0,15500,2
16959,31500,16000,0,15500,2
16669,31500,7750,0,23750,2
16903,31500,0,0,31500,2
16931,31500,16000,0,15500,2
16653,31500,16000,0,15500,2
16794,31500,31500,0,0,2
16821,31500,0,0,31500,2
16703,31500,7750,0,23750,2
16699,31500,0,0,31500,2
16947,31500,7750,0,23750,2
16701,31500,7750,0,23750,2
16656,31500,7750,0,23750,2
16771,31500,7750,0,23750,2
16673,31500,7750,0,23750,2
16779,31500,7750,0,23750,2
16705,31500,7750,0,23750,2
16769,31500,7750,0,23750,2
16641,31500,7750,0,23750,2
16706,31500,7750,0,23750,2
16885,31500,7750,0,23750,2
16836,31500,0,0,31500,2
16976,31500,16000,0,15500,2
17068,31500,7750,0,23750,2
16722,31500,7750,0,23750,2
16776,31500,7750,0,23750,2
16728,31500,7750,0,23750,2
16740,31500,0,0,31500,2
17026,31500,7750,0,23750,2
17201,31500,16000,0,15500,2
17211,31500,16000,0,15500,2
17221,31500,31000,500,0,2
17239,31500,7750,0,23750,2
17254,31500,16000,0,15500,2
17264,31500,0,0,31500,2
17270,31500,16000,0,15500,2
17274,31500,31000,500,0,2
17321,31500,7750,0,23750,2
17344,31500,0,0,31500,2
17333,31500,16000,0,15500,2
17345,31500,0,0,31500,2
16547,31500,7750,0,23750,2
16331,31500,0,0,31500,2
16365,31500,16000,0,15500,2
16601,31500,7750,0,23750,2
16954,31500,7750,0,23750,2
16539,31500,7750,0,23750,2
17086,31500,0,0,31500,2
17007,31500,7750,0,23750,2
16473,31500,7750,0,23750,2
16470,31500,7750,0,23750,2
16946,31500,7750,0,23750,2
16342,31500,16000,0,15500,2
16518,31500,7750,0,23750,2
17072,31500,16000,0,15500,2
16643,31500,0,0,31500,2
16937,31500,7750,0,23750,2
16753,31500,7750,0,23750,2
16324,31500,23750,0,7750,2
16636,31500,7750,0,23750,2
17097,31500,7750,0,23750,2
16606,31500,7750,0,23750,2
17090,31500,0,0,31500,2
16631,31500,0,0,31500,2
16756,31500,7750,0,23750,2
16759,31500,7750,0,23750,2
16511,31500,0,0,31500,2
16936,31500,16000,0,15500,2
16953,31500,7750,0,23750,2
16585,31500,16000,0,15500,2
16507,31500,7750,0,23750,2
16333,31500,16000,0,15500,2
16758,31500,7750,0,23750,2
16793,31500,7750,0,23750,2
16494,31500,7750,0,23750,2
16411,31500,7750,0,23750,2
17138,31500,7750,0,23750,2
17129,31500,0,0,31500,2
17309,31500,0,0,31500,2
17331,31500,16000,0,15500,2
17372,31500,16000,0,15500,2
16421,31500,7750,0,23750,2
16545,31500,7750,0,23750,2
16944,31500,7750,0,23750,2
16948,31500,7750,0,23750,2
16534,31500,0,0,31500,2
16978,31500,16000,0,15500,2
16350,31500,16000,0,15500,2
16576,31500,7750,0,23750,2
16451,31500,16000,0,15500,2
16517,31500,7750,0,23750,2
16713,31500,16000,0,15500,2
16409,31500,7750,0,23750,2
16688,31500,7750,0,23750,2
16974,31500,7750,0,23750,2
16928,31500,7750,0,23750,2
17050,31500,16000,0,15500,2
16471,31500,7750,0,23750,2
16661,31500,16000,0,15500,2
16633,31500,7750,0,23750,2
16989,31500,7750,0,23750,2
16565,31500,16000,0,15500,2
16645,31500,7750,0,23750,2
16393,31500,31000,500,0,2
17012,31500,31000,500,0,2
16533,31500,7750,0,23750,2
16327,31500,16000,0,15500,2
16927,31500,16000,0,15500,2
17120,31500,0,0,31500,2
16586,31500,0,0,31500,2
16392,31500,16000,0,15500,2
16744,31500,16000,0,15500,2
16693,31500,7750,0,23750,2
16487,31500,7750,0,23750,2
17182,31500,16000,0,15500,2
17188,31500,7750,0,23750,2
17199,31500,7750,0,23750,2
17209,31500,16000,0,15500,2
17217,31500,16000,0,15500,2
17355,31500,7750,0,23750,2
17037,31500,16000,0,15500,2
16834,31500,16000,0,15500,2
17125,31500,16000,0,15500,2
16532,31500,7750,0,23750,2
17119,31500,0,0,31500,2
16561,31500,7750,0,23750,2
16672,31500,16000,0,15500,2
16516,31500,16000,0,15500,2
16807,31500,7750,0,23750,2
16664,31500,16000,0,15500,2
17038,31500,16000,0,15500,2
16791,31500,16000,0,15500,2
16334,31500,16000,0,15500,2
17113,31500,16000,0,15500,2
17052,31500,16000,0,15500,2
16754,31500,7750,0,23750,2
16366,31500,16000,0,15500,2
16612,31500,7750,0,23750,2
16459,31500,7750,0,23750,2
16864,31500,7750,0,23750,2
16414,31500,7750,0,23750,2
16338,31500,16000,0,15500,2
16325,31500,31000,500,0,2
16323,31500,16000,0,15500,2
17023,31500,31000,500,0,2
16434,31500,16000,0,15500,2
16000,31500,7750,0,23750,2
16980,31500,7750,0,23750,2
16403,31500,16000,0,15500,2
17088,31500,0,0,31500,2
16340,31500,31000,500,0,2
16598,31500,7750,0,23750,2
16385,31500,7750,0,23750,2
16605,31500,16000,0,15500,2
16483,31500,7750,0,23750,2
16364,31500,0,0,31500,2
16551,31500,7750,0,23750,2
16322,31500,16000,0,15500,2
17284,31500,16000,0,15500,2
17300,31500,7750,0,23750,2
16877,31500,16000,0,15500,2
16498,31500,16000,0,15500,2
16762,31500,7750,0,23750,2
16335,31500,16000,0,15500,2
16955,31500,16000,0,15500,2
16390,31500,7750,0,23750,2
16748,31500,7750,0,23750,2
16396,31500,7750,0,23750,2
17079,31500,16000,0,15500,2
16529,31500,7750,0,23750,2
16329,31500,16000,0,15500,2
17015,31500,16000,0,15500,2
16349,31500,0,0,31500,2
16803,31500,16000,0,15500,2
16567,31500,16000,0,15500,2
16876,31500,16000,0,15500,2
16530,31500,7750,0,23750,2
16321,31500,16000,0,15500,2
16446,31500,16000,0,15500,2
16960,31500,16000,0,15500,2
16538,31500,7750,0,23750,2
16988,31500,16000,0,15500,2
16347,31500,7750,0,23750,2
16346,31500,16000,0,15500,2
16554,31500,7750,0,23750,2
16838,31500,16000,0,15500,2
16410,31500,16000,0,15500,2
16519,31500,0,0,31500,2
16406,31500,31500,0,0,2
17121,31500,0,0,31500,2
16497,31500,7750,0,23750,2
16992,31500,16000,0,15500,2
16827,31500,16000,0,15500,2
16361,31500,16000,0,15500,2
16351,31500,16000,0,15500,2
17234,31500,7750,0,23750,2
17298,31500,31500,0,0,2
17301,31500,16000,0,15500,2
16405,32700,16600,0,16100,2
16824,32700,8050,0,24650,2
16760,32700,8050,0,24650,2
17058,32700,32700,0,0,2
16634,32700,8050,0,24650,2
16509,32700,8050,0,24650,2
16504,32700,16600,0,16100,2
17091,32700,32700,0,0,2
16204,32700,8050,0,24650,2
16540,32700,0,0,32700,2
16012,32700,8050,0,24650,2
16666,32700,16600,0,16100,2
16716,32700,16600,0,16100,2
16281,32700,0,0,32700,2
16658,32700,16600,0,16100,2
16308,32700,8050,0,24650,2
16513,32700,8050,0,24650,2
16258,32700,8050,0,24650,2
16353,32700,8050,0,24650,2
16395,32700,8050,0,24650,2
16683,32700,8050,0,24650,2
16542,32700,16600,0,16100,2
16102,32700,8050,0,24650,2
16620,32700,16600,0,16100,2
16500,32700,32200,500,0,2
16704,32700,16600,0,16100,2
16449,32700,8050,0,24650,2
16549,32700,0,0,32700,2
16268,32700,8050,0,24650,2
16139,32700,8050,0,24650,2
16112,32700,16600,0,16100,2
17290,32700,16600,0,16100,2
17320,32700,8050,0,24650,2
16659,32700,32700,0,0,2
16128,32700,8050,0,24650,2
17064,32700,16600,0,16100,2
16686,32700,16600,0,16100,2
16283,32700,16600,0,16100,2
16341,32700,8050,0,24650,2
16674,32700,8050,0,24650,2
17020,32700,16600,0,16100,2
16015,32700,8050,0,24650,2
16344,32700,24650,0,8050,2
16381,32700,16600,0,16100,2
16156,32700,8050,0,24650,2
16822,32700,8050,0,24650,2
16262,32700,8050,0,24650,2
16140,32700,0,0,32700,2
17059,32700,16600,0,16100,2
16380,32700,8050,0,24650,2
15835,32700,16600,0,16100,2
16479,32700,8050,0,24650,2
17128,32700,8050,0,24650,2
16818,32700,0,0,32700,2
17071,32700,16600,0,16100,2
16276,32700,16600,0,16100,2
16570,32700,8050,0,24650,2
16356,32700,8050,0,24650,2
17039,32700,16600,0,16100,2
16343,32700,8050,0,24650,2
16100,32700,16600,0,16100,2
17032,32700,16600,0,16100,2
17132,32700,16600,0,16100,2
17203,32700,16600,0,16100,2
17251,32700,24650,0,8050,2
17265,32700,8050,0,24650,2
17340,32700,8050,0,24650,2
16205,32700,16600,0,16100,2
16905,32700,0,0,32700,2
16316,32700,16600,0,16100,2
16374,32700,16600,0,16100,2
16107,32700,16600,0,16100,2
16259,32700,8050,0,24650,2
16386,32700,16600,0,16100,2
16025,32700,0,0,32700,2
16300,32700,16600,0,16100,2
16248,32700,8050,0,24650,2
16900,32700,16600,0,16100,2
16142,32700,16600,0,16100,2
16190,32700,8050,0,24650,2
17028,32700,16600,0,16100,2
16282,32700,8050,0,24650,2
16265,32700,16600,0,16100,2
16354,32700,16600,0,16100,2
16694,32700,16600,0,16100,2
16146,32700,16600,0,16100,2
16557,32700,8050,0,24650,2
16855,32700,8050,0,24650,2
16355,32700,0,0,32700,2
16360,32700,16600,0,16100,2
16868,32700,8050,0,24650,2
16668,32700,16600,0,16100,2
16376,32700,16600,0,16100,2
16437,32700,8050,0,24650,2
16447,32700,16600,0,16100,2
17135,32700,0,0,32700,2
17227,32700,16600,0,16100,2
17240,32700,16600,0,16100,2
17268,32700,16600,0,16100,2
17339,32700,8050,0,24650,2
17346,32700,0,0,32700,2
16424,32700,8050,0,24650,2
16552,32700,16600,0,16100,2
16482,32700,16600,0,16100,2
16306,32700,16600,0,16100,2
16560,32700,0,0,32700,2
16179,32700,16600,0,16100,2
16422,32700,16600,0,16100,2
16717,32700,16600,0,16100,2
16162,32700,8050,0,24650,2
16600,32700,8050,0,24650,2
16442,32700,16600,0,16100,2
16400,32700,24650,0,8050,2
16665,32700,0,0,32700,2
16808,32700,16600,0,16100,2
16702,32700,16600,0,16100,2
16682,32700,8050,0,24650,2
16690,32700,16600,0,16100,2
16622,32700,8050,0,24650,2
16336,32700,8050,0,24650,2
16200,32700,16600,0,16100,2
16370,32700,8050,0,24650,2
16358,32700,8050,0,24650,2
17084,32700,32200,500,0,2
16379,32700,8050,0,24650,2
16719,32700,8050,0,24650,2
16833,32700,16600,0,16100,2
16299,32700,16600,0,16100,2
16148,32700,8050,0,24650,2
16337,32700,16600,0,16100,2
17060,32700,32200,500,0,2
16660,32700,16600,0,16100,2
17147,32700,16600,0,16100,2
16298,32700,16600,0,16100,2
17370,32700,16600,0,16100,2
16034,32700,8050,0,24650,2
16020,32700,8050,0,24650,2
15979,32700,16600,0,16100,2
15830,32700,8050,0,24650,2
15711,32700,32700,0,0,2
16135,32700,8050,0,24650,2
16550,32700,8050,0,24650,2
16138,32700,8050,0,24650,2
16888,32700,8050,0,24650,2
16016,32700,8050,0,24650,2
16003,32700,8050,0,24650,2
16389,32700,8050,0,24650,2
15793,32700,8050,0,24650,2
15946,32700,16600,0,16100,2
16047,32700,16600,0,16100,2
16789,32700,16600,0,16100,2
16218,32700,8050,0,24650,2
16127,32700,16600,0,16100,2
16028,32700,8050,0,24650,2
16373,32700,16600,0,16100,2
16429,32700,8050,0,24650,2
16418,32700,16600,0,16100,2
16317,32700,8050,0,24650,2
16501,32700,8050,0,24650,2
15911,32700,16600,0,16100,2
15855,32700,8050,0,24650,2
16269,32700,16600,0,16100,2
16233,32700,16600,0,16100,2
16273,32700,8050,0,24650,2
17100,32700,16600,0,16100,2
16010,32700,8050,0,24650,2
15825,32700,16600,0,16100,2
16730,32700,16600,0,16100,2
16731,32700,16600,0,16100,2
17027,32700,8050,0,24650,2
16492,32700,8050,0,24650,2
16587,32700,32200,500,0,2
16063,32700,8050,0,24650,2
17184,32700,16600,0,16100,2
17362,32700,8050,0,24650,2
16795,32700,16600,0,16100,2
16009,32700,16600,0,16100,2
16889,32700,8050,0,24650,2
16774,32700,8050,0,24650,2
15924,32700,8050,0,24650,2
16884,32700,0,0,32700,2
16143,32700,16600,0,16100,2
16757,32700,16600,0,16100,2
16404,32700,0,0,32700,2
16763,32700,8050,0,24650,2
16035,32700,16600,0,16100,2
16290,32700,8050,0,24650,2
15992,32700,8050,0,24650,2
16314,32700,0,0,32700,2
16458,32700,16600,0,16100,2
17031,32700,8050,0,24650,2
16005,32700,16600,0,16100,2
16160,32700,8050,0,24650,2
16134,32700,16600,0,16100,2
16469,32700,8050,0,24650,2
16433,32700,16600,0,16100,2
16295,32700,8050,0,24650,2
16480,32700,8050,0,24650,2
16224,32700,8050,0,24650,2
16990,32700,16600,0,16100,2
15868,32700,16600,0,16100,2
15943,32700,8050,0,24650,2
16520,32700,16600,0,16100,2
15864,32700,8050,0,24650,2
16026,32700,8050,0,24650,2
15999,32700,16600,0,16100,2
16491,32700,16600,0,16100,2
16787,32700,8050,0,24650,2
16609,32700,16600,0,16100,2
16842,32700,8050,0,24650,2
16805,32700,8050,0,24650,2
16017,32700,16600,0,16100,2
16189,32700,0,0,32700,2
16816,32700,8050,0,24650,2
16303,32700,8050,0,24650,2
16941,32700,16600,0,16100,2
16983,32700,8050,0,24650,2
16882,32700,8050,0,24650,2
16590,32700,16600,0,16100,2
16369,32700,16600,0,16100,2
15863,32700,0,0,32700,2
16813,32700,32200,500,0,2
16614,32700,8050,0,24650,2
16159,32700,8050,0,24650,2
16783,32700,8050,0,24650,2
16723,32700,16600,0,16100,2
16014,32700,0,0,32700,2
16383,32700,8050,0,24650,2
16465,32700,8050,0,24650,2
16307,32700,8050,0,24650,2
15850,32700,8050,0,24650,2
17044,32700,16600,0,16100,2
16799,32700,8050,0,24650,2
15655,32700,16600,0,16100,2
16296,32700,8050,0,24650,2
16099,32700,8050,0,24650,2
16013,32700,8050,0,24650,2
16255,32700,8050,0,24650,2
16798,32700,8050,0,24650,2
16563,32700,8050,0,24650,2
15782,32700,8050,0,24650,2
16030,32700,8050,0,24650,2
16297,32700,8050,0,24650,2
16184,32700,16600,0,16100,2
16027,32700,8050,0,24650,2
16267,32700,16600,0,16100,2
16525,32700,8050,0,24650,2
17043,32700,8050,0,24650,2
15967,32700,8050,0,24650,2
15923,32700,16600,0,16100,2
16193,32700,16600,0,16100,2
17242,32700,16600,0,16100,2
17330,32700,8050,0,24650,2
mysklc,32700,0,0,32700,2
16714,32700,16600,0,16100,2
16023,32700,8050,0,24650,2
16286,32700,8050,0,24650,2
15918,32700,8050,0,24650,2
15847,32700,8050,0,24650,2
16453,32700,8050,0,24650,2
16746,32700,16600,0,16100,2
16737,32700,16600,0,16100,2
16445,32700,16600,0,16100,2
15854,32700,8050,0,24650,2
15980,32700,16600,0,16100,2
16256,32700,8050,0,24650,2
16043,32700,8050,0,24650,2
16024,32700,8050,0,24650,2
16735,32700,8050,0,24650,2
15894,32700,8050,0,24650,2
16285,32700,8050,0,24650,2
16828,32700,16600,0,16100,2
16556,32700,16600,0,16100,2
16388,32700,8050,0,24650,2
16617,32700,16600,0,16100,2
16749,32700,8050,0,24650,2
15866,32700,16600,0,16100,2
16106,32700,8050,0,24650,2
15917,32700,8050,0,24650,2
15944,32700,8050,0,24650,2
16559,32700,8050,0,24650,2
16246,32700,8050,0,24650,2
16732,32700,16600,0,16100,2
16632,32700,8050,0,24650,2
16277,32700,8050,0,24650,2
16284,32700,8050,0,24650,2
16616,32700,8050,0,24650,2
15824,32700,8050,0,24650,2
16595,32700,8050,0,24650,2
17092,32700,8050,0,24650,2
17256,32700,16600,0,16100,2
17296,32700,8050,0,24650,2
17357,32700,8050,0,24650,2
16105,33900,33400,500,0,2
16236,33900,8350,0,25550,2
16235,33900,8350,0,25550,2
16489,33900,8350,0,25550,2
15889,33900,8350,0,25550,2
15828,33900,8350,0,25550,2
17051,33900,8350,0,25550,2
16811,33900,17200,0,16700,2
15542,33900,17200,0,16700,2
16720,33900,8350,0,25550,2
15660,33900,33400,500,0,2
15549,33900,8350,0,25550,2
16120,33900,0,0,33900,2
16873,33900,8350,0,25550,2
16544,33900,8350,0,25550,2
15788,33900,8350,0,25550,2
17104,33900,17200,0,16700,2
16157,33900,8350,0,25550,2
15790,33900,17200,0,16700,2
16181,33900,8350,0,25550,2
16733,33900,17200,0,16700,2
16553,33900,8350,0,25550,2
16707,33900,17200,0,16700,2
15826,33900,8350,0,25550,2
15666,33900,17200,0,16700,2
16548,33900,8350,0,25550,2
16263,33900,0,0,33900,2
16475,33900,17200,0,16700,2
16555,33900,0,0,33900,2
17065,33900,8350,0,25550,2
15811,33900,8350,0,25550,2
15932,33900,8350,0,25550,2
17025,33900,33400,500,0,2
15762,33900,17200,0,16700,2
15888,33900,17200,0,16700,2
17098,33900,0,0,33900,2
17231,33900,33900,0,0,2
17252,33900,17200,0,16700,2
15942,33900,8350,0,25550,2
17101,33900,8350,0,25550,2
15960,33900,17200,0,16700,2
16604,33900,8350,0,25550,2
16415,33900,8350,0,25550,2
15787,33900,8350,0,25550,2
16070,33900,33400,500,0,2
15858,33900,8350,0,25550,2
15817,33900,8350,0,25550,2
16368,33900,17200,0,16700,2
16825,33900,8350,0,25550,2
16243,33900,0,0,33900,2
17021,33900,17200,0,16700,2
16472,33900,33900,0,0,2
15781,33900,17200,0,16700,2
16163,33900,17200,0,16700,2
16095,33900,17200,0,16700,2
16147,33900,8350,0,25550,2
15639,33900,8350,0,25550,2
15744,33900,33400,500,0,2
16995,33900,17200,0,16700,2
16266,33900,8350,0,25550,2
15801,33900,17200,0,16700,2
15632,33900,17200,0,16700,2
17067,33900,8350,0,25550,2
15780,33900,8350,0,25550,2
15734,33900,8350,0,25550,2
16104,33900,17200,0,16700,2
15840,33900,0,0,33900,2
16211,33900,17200,0,16700,2
15690,33900,17200,0,16700,2
17260,33900,8350,0,25550,2
17303,33900,8350,0,25550,2
17307,33900,17200,0,16700,2
17317,33900,17200,0,16700,2
17371,33900,17200,0,16700,2
16167,33900,17200,0,16700,2
17063,33900,17200,0,16700,2
16220,33900,8350,0,25550,2
16397,33900,17200,0,16700,2
16878,33900,17200,0,16700,2
16195,33900,17200,0,16700,2
15844,33900,17200,0,16700,2
15610,33900,8350,0,25550,2
15823,33900,8350,0,25550,2
15684,33900,17200,0,16700,2
15758,33900,17200,0,16700,2
16569,33900,8350,0,25550,2
16040,33900,17200,0,16700,2
16613,33900,8350,0,25550,2
17041,33900,17200,0,16700,2
15764,33900,8350,0,25550,2
15609,33900,17200,0,16700,2
16164,33900,8350,0,25550,2
15818,33900,17200,0,16700,2
15751,33900,17200,0,16700,2
15874,33900,17200,0,16700,2
17108,33900,17200,0,16700,2
16145,33900,17200,0,16700,2
15797,33900,8350,0,25550,2
15749,33900,17200,0,16700,2
17116,33900,17200,0,16700,2
16887,33900,8350,0,25550,2
16152,33900,17200,0,16700,2
16741,33900,8350,0,25550,2
15926,33900,8350,0,25550,2
17225,33900,8350,0,25550,2
17226,33900,8350,0,25550,2
17286,33900,17200,0,16700,2
17361,33900,17200,0,16700,2
17369,33900,8350,0,25550,2
15810,33900,8350,0,25550,2
16229,33900,17200,0,16700,2
16975,33900,17200,0,16700,2
16209,33900,17200,0,16700,2
16260,33900,8350,0,25550,2
16089,33900,8350,0,25550,2
15512,33900,17200,0,16700,2
15915,33900,8350,0,25550,2
15637,33900,17200,0,16700,2
16837,33900,8350,0,25550,2
15929,33900,17200,0,16700,2
15750,33900,17200,0,16700,2
15819,33900,8350,0,25550,2
15746,33900,17200,0,16700,2
15755,33900,8350,0,25550,2
15699,33900,8350,0,25550,2
16187,33900,8350,0,25550,2
17034,33900,33400,500,0,2
16443,33900,8350,0,25550,2
16599,33900,0,0,33900,2
15625,33900,33900,0,0,2
15775,33900,8350,0,25550,2
15757,33900,17200,0,16700,2
15541,33900,8350,0,25550,2
15753,33900,8350,0,25550,2
16797,33900,8350,0,25550,2
15890,33900,8350,0,25550,2
16280,33900,8350,0,25550,2
16289,33900,8350,0,25550,2
15893,33900,8350,0,25550,2
15800,33900,8350,0,25550,2
15922,33900,8350,0,25550,2
16880,33900,17200,0,16700,2
15558,33900,8350,0,25550,2
17139,33900,8350,0,25550,2
17193,33900,17200,0,16700,2
17250,33900,17200,0,16700,2
16806,33900,8350,0,25550,2
15236,33900,8350,0,25550,2
15945,33900,8350,0,25550,2
17087,33900,8350,0,25550,2
16584,33900,8350,0,25550,2
15448,33900,25550,0,8350,2
16022,33900,8350,0,25550,2
15498,33900,8350,0,25550,2
16897,33900,8350,0,25550,2
16611,33900,8350,0,25550,2
15334,33900,8350,0,25550,2
16508,33900,8350,0,25550,2
17010,33900,17200,0,16700,2
15504,33900,17200,0,16700,2
15804,33900,8350,0,25550,2
16216,33900,8350,0,25550,2
15505,33900,17200,0,16700,2
15532,33900,8350,0,25550,2
15768,33900,8350,0,25550,2
15507,33900,8350,0,25550,2
15565,33900,8350,0,25550,2
15612,33900,8350,0,25550,2
16456,33900,17200,0,16700,2
16486,33900,17200,0,16700,2
16531,33900,17200,0,16700,2
16046,33900,8350,0,25550,2
15651,33900,8350,0,25550,2
15529,33900,8350,0,25550,2
16192,33900,33400,500,0,2
15761,33900,17200,0,16700,2
16036,33900,8350,0,25550,2
16476,33900,17200,0,16700,2
15593,33900,8350,0,25550,2
15509,33900,8350,0,25550,2
16810,33900,17200,0,16700,2
16031,33900,8350,0,25550,2
17229,33900,17200,0,16700,2
17271,33900,8350,0,25550,2
17306,33900,17200,0,16700,2
17024,33900,8350,0,25550,2
15543,33900,17200,0,16700,2
15525,33900,17200,0,16700,2
15213,33900,33400,500,0,2
15831,33900,33400,500,0,2
15587,33900,8350,0,25550,2
17042,33900,8350,0,25550,2
15495,33900,8350,0,25550,2
15938,33900,17200,0,16700,2
15503,33900,17200,0,16700,2
15552,33900,0,0,33900,2
15534,33900,17200,0,16700,2
15233,33900,8350,0,25550,2
16580,33900,8350,0,25550,2
16098,33900,8350,0,25550,2
15644,33900,8350,0,25550,2
15648,33900,17200,0,16700,2
17095,33900,17200,0,16700,2
15479,33900,17200,0,16700,2
15511,33900,17200,0,16700,2
15602,33900,17200,0,16700,2
15540,33900,17200,0,16700,2
15769,33900,8350,0,25550,2
15501,33900,17200,0,16700,2
15617,33900,0,0,33900,2
17102,33900,8350,0,25550,2
16122,33900,8350,0,25550,2
15706,33900,8350,0,25550,2
16607,33900,8350,0,25550,2
16177,33900,0,0,33900,2
15347,33900,8350,0,25550,2
15520,33900,8350,0,25550,2
16432,33900,17200,0,16700,2
15861,33900,17200,0,16700,2
15544,33900,8350,0,25550,2
15282,33900,8350,0,25550,2
15215,33900,8350,0,25550,2
17338,33900,8350,0,25550,2
15218,33900,17200,0,16700,2
15531,33900,17200,0,16700,2
16802,33900,17200,0,16700,2
15631,33900,8350,0,25550,2
15522,33900,8350,0,25550,2
15677,33900,8350,0,25550,2
15394,33900,8350,0,25550,2
16481,33900,8350,0,25550,2
15584,33900,8350,0,25550,2
15523,33900,8350,0,25550,2
15618,33900,8350,0,25550,2
16096,33900,17200,0,16700,2
16528,33900,8350,0,25550,2
15539,33900,17200,0,16700,2
15267,33900,8350,0,25550,2
15344,33900,8350,0,25550,2
16537,33900,33900,0,0,2
15550,33900,8350,0,25550,2
15338,33900,8350,0,25550,2
15508,33900,17200,0,16700,2
15569,33900,8350,0,25550,2
15536,33900,8350,0,25550,2
15535,33900,8350,0,25550,2
15538,33900,8350,0,25550,2
16444,33900,8350,0,25550,2
15665,33900,8350,0,25550,2
16765,33900,33400,500,0,2
16505,33900,17200,0,16700,2
16574,33900,8350,0,25550,2
15636,33900,0,0,33900,2
15524,33900,25550,0,8350,2
15570,33900,8350,0,25550,2
16608,33900,17200,0,16700,2
15371,33900,8350,0,25550,2
15269,33900,8350,0,25550,2
16572,33900,8350,0,25550,2
17151,33900,8350,0,25550,2
17294,33900,17200,0,16700,2
17341,33900,8350,0,25550,2
15481,33900,17200,0,16700,2
16784,33900,17200,0,16700,2
15691,33900,33900,0,0,2
15771,33900,8350,0,25550,2
15546,33900,17200,0,16700,2
15459,33900,0,0,33900,2
16223,33900,17200,0,16700,2
16755,33900,8350,0,25550,2
16858,33900,8350,0,25550,2
15537,33900,8350,0,25550,2
15454,33900,0,0,33900,2
17062,33900,17200,0,16700,2
15820,33900,8350,0,25550,2
16398,33900,17200,0,16700,2
15562,33900,8350,0,25550,2
15506,33900,25550,0,8350,2
15478,33900,25550,0,8350,2
15564,33900,8350,0,25550,2
15526,33900,8350,0,25550,2
15533,33900,8350,0,25550,2
15545,33900,8350,0,25550,2
15554,33900,8350,0,25550,2
16302,33900,17200,0,16700,2
15555,33900,17200,0,16700,2
16121,33900,8350,0,25550,2
15567,33900,8350,0,25550,2
16430,33900,8350,0,25550,2
15499,33900,17200,0,16700,2
15396,33900,33400,500,0,2
16859,33900,8350,0,25550,2
15573,33900,8350,0,25550,2
15513,33900,8350,0,25550,2
15553,33900,8350,0,25550,2
15613,33900,8350,0,25550,2
17069,33900,8350,0,25550,2
15517,33900,8350,0,25550,2
16697,33900,17200,0,16700,2
17302,33900,8350,0,25550,2
17343,33900,17200,0,16700,2
16772,35100,17800,0,17300,2
15237,35100,17800,0,17300,2
15322,35100,8650,0,26450,2
15270,35100,8650,0,26450,2
15013,35100,8650,0,26450,2
15367,35100,0,0,35100,2
15408,35100,8650,0,26450,2
14889,35100,17800,0,17300,2
16274,35100,8650,0,26450,2
15341,35100,8650,0,26450,2
15258,35100,8650,0,26450,2
15774,35100,8650,0,26450,2
16718,35100,8650,0,26450,2
15179,35100,17800,0,17300,2
15477,35100,17800,0,17300,2
16579,35100,17800,0,17300,2
15187,35100,8650,0,26450,2
15490,35100,17800,0,17300,2
15235,35100,17800,0,17300,2
15802,35100,8650,0,26450,2
15262,35100,8650,0,26450,2
15343,35100,8650,0,26450,2
15398,35100,8650,0,26450,2
17107,35100,8650,0,26450,2
15405,35100,8650,0,26450,2
15594,35100,17800,0,17300,2
16615,35100,8650,0,26450,2
15795,35100,8650,0,26450,2
15919,35100,8650,0,26450,2
15357,35100,17800,0,17300,2
17117,35100,8650,0,26450,2
16752,35100,8650,0,26450,2
15708,35100,35100,0,0,2
16221,35100,8650,0,26450,2
15335,35100,8650,0,26450,2
16203,35100,8650,0,26450,2
16895,35100,8650,0,26450,2
17279,35100,26450,0,8650,2
16499,35100,34600,500,0,2
15261,35100,8650,0,26450,2
15325,35100,17800,0,17300,2
15410,35100,17800,0,17300,2
15199,35100,17800,0,17300,2
15898,35100,8650,0,26450,2
15214,35100,8650,0,26450,2
15212,35100,17800,0,17300,2
15765,35100,8650,0,26450,2
15009,35100,8650,0,26450,2
15220,35100,8650,0,26450,2
16175,35100,17800,0,17300,2
15318,35100,17800,0,17300,2
15191,35100,8650,0,26450,2
15231,35100,8650,0,26450,2
16210,35100,17800,0,17300,2
14938,35100,17800,0,17300,2
15271,35100,0,0,35100,2
15186,35100,17800,0,17300,2
16886,35100,8650,0,26450,2
16076,35100,8650,0,26450,2
15240,35100,8650,0,26450,2
14895,35100,17800,0,17300,2
15464,35100,8650,0,26450,2
15078,35100,17800,0,17300,2
15185,35100,8650,0,26450,2
16761,35100,8650,0,26450,2
17081,35100,17800,0,17300,2
14976,35100,17800,0,17300,2
16041,35100,17800,0,17300,2
16745,35100,17800,0,17300,2
16182,35100,8650,0,26450,2
16155,35100,17800,0,17300,2
15302,35100,8650,0,26450,2
15324,35100,34600,500,0,2
16894,35100,8650,0,26450,2
17257,35100,17800,0,17300,2
17293,35100,17800,0,17300,2
16839,35100,17800,0,17300,2
15796,35100,8650,0,26450,2
15196,35100,17800,0,17300,2
15219,35100,17800,0,17300,2
15242,35100,8650,0,26450,2
15257,35100,17800,0,17300,2
17054,35100,17800,0,17300,2
15048,35100,34600,500,0,2
16056,35100,8650,0,26450,2
16375,35100,8650,0,26450,2
15252,35100,8650,0,26450,2
15200,35100,8650,0,26450,2
14915,35100,17800,0,17300,2
15370,35100,8650,0,26450,2
15204,35100,8650,0,26450,2
15614,35100,8650,0,26450,2
15622,35100,8650,0,26450,2
16788,35100,8650,0,26450,2
15348,35100,8650,0,26450,2
15368,35100,17800,0,17300,2
15039,35100,17800,0,17300,2
15209,35100,8650,0,26450,2
15869,35100,35100,0,0,2
16726,35100,8650,0,26450,2
16313,35100,0,0,35100,2
15224,35100,17800,0,17300,2
15404,35100,8650,0,26450,2
16239,35100,8650,0,26450,2
16621,35100,17800,0,17300,2
15595,35100,8650,0,26450,2
15713,35100,8650,0,26450,2
15225,35100,0,0,35100,2
16872,35100,8650,0,26450,2
15310,35100,0,0,35100,2
17134,35100,0,0,35100,2
15832,35100,34600,500,0,2
17356,35100,8650,0,26450,2
15859,35100,8650,0,26450,2
15174,35100,8650,0,26450,2
15217,35100,8650,0,26450,2
15234,35100,8650,0,26450,2
15321,35100,8650,0,26450,2
14892,35100,17800,0,17300,2
16796,35100,8650,0,26450,2
15880,35100,17800,0,17300,2
16603,35100,8650,0,26450,2
16785,35100,8650,0,26450,2
14859,35100,17800,0,17300,2
15255,35100,8650,0,26450,2
15365,35100,8650,0,26450,2
15226,35100,17800,0,17300,2
15163,35100,0,0,35100,2
16060,35100,8650,0,26450,2
16893,35100,8650,0,26450,2
14905,35100,8650,0,26450,2
16801,35100,17800,0,17300,2
15047,35100,17800,0,17300,2
15393,35100,8650,0,26450,2
15392,35100,8650,0,26450,2
16782,35100,8650,0,26450,2
15197,35100,35100,0,0,2
14969,35100,8650,0,26450,2
15379,35100,8650,0,26450,2
16231,35100,17800,0,17300,2
15901,35100,17800,0,17300,2
15155,35100,17800,0,17300,2
16564,35100,17800,0,17300,2
15416,35100,17800,0,17300,2
15208,35100,17800,0,17300,2
15195,35100,17800,0,17300,2
15201,35100,8650,0,26450,2
17035,35100,8650,0,26450,2
17149,35100,8650,0,26450,2
17308,35100,8650,0,26450,2
17061,43500,10750,0,32750,2
17115,43500,22000,0,21500,2
16455,43500,22000,0,21500,2
15004,43500,22000,0,21500,2
14906,43500,10750,0,32750,2
16874,43500,10750,0,32750,2
14925,43500,10750,0,32750,2
15076,43500,10750,0,32750,2
15003,43500,11250,0,32250,2
16191,43500,22000,0,21500,2
17070,43500,22000,0,21500,2
14888,43500,10750,0,32750,2
15119,43500,10750,0,32750,2
15014,43500,0,0,43500,2
14965,43500,10750,0,32750,2
15116,43500,10750,0,32750,2
14896,43500,10750,0,32750,2
14886,43500,22000,0,21500,2
16871,43500,10750,0,32750,2
16292,43500,10750,0,32750,2
15572,43500,22000,0,21500,2
14997,43500,10750,0,32750,2
15089,43500,10750,0,32750,2
15038,43500,10750,0,32750,2
14970,43500,10750,0,32750,2
14932,43500,22000,0,21500,2
14968,43500,22000,0,21500,2
17040,43500,10750,0,32750,2
15603,43500,10750,0,32750,2
14881,43500,43500,0,0,2
15599,43500,10750,0,32750,2
14987,43500,10750,0,32750,2
14864,43500,10750,0,32750,2
16725,43500,10750,0,32750,2
14975,43500,10750,0,32750,2
16457,43500,22000,0,21500,2
15355,43500,10750,0,32750,2
15899,43500,0,0,43500,2
15990,43500,10750,0,32750,2
16052,43500,22000,0,21500,2
17144,43500,10750,0,32750,2
17259,43500,10750,0,32750,2
17336,43500,10750,0,32750,2
15645,43500,10750,0,32750,2
14963,43500,10750,0,32750,2
16906,43500,10750,0,32750,2
15583,43500,10750,0,32750,2
14989,43500,10750,0,32750,2
16883,43500,0,0,43500,2
15278,43500,43500,0,0,2
14955,43500,22000,0,21500,2
15308,43500,22000,0,21500,2
14848,43500,22000,0,21500,2
16817,43500,22000,0,21500,2
14988,43500,22000,0,21500,2
16860,43500,10750,0,32750,2
15444,43500,10750,0,32750,2
15988,43500,0,0,43500,2
16629,43500,10750,0,32750,2
15085,43500,0,0,43500,2
15158,43500,10750,0,32750,2
14872,43500,10750,0,32750,2
14861,43500,10750,0,32750,2
15837,43500,10750,0,32750,2
14902,43500,10750,0,32750,2
14499,43500,10750,0,32750,2
15300,43500,0,0,43500,2
14937,43500,10750,0,32750,2
14497,43500,43000,500,0,2
15896,43500,10750,0,32750,2
16527,43500,10750,0,32750,2
14693,43500,10750,0,32750,2
14733,43500,22000,0,21500,2
15041,43500,10750,0,32750,2
16578,43500,22000,0,21500,2
14875,43500,10750,0,32750,2
16546,43500,10750,0,32750,2
14990,43500,22000,0,21500,2
16067,43500,10750,0,32750,2
15623,43500,10750,0,32750,2
14949,43500,22000,0,21500,2
14669,43500,22000,0,21500,2
16168,43500,22000,0,21500,2
16879,43500,22000,0,21500,2
17202,43500,22000,0,21500,2
17266,43500,22000,0,21500,2
16870,43500,10750,0,32750,2
16461,43500,22000,0,21500,2
15664,43500,0,0,43500,2
14869,43500,10750,0,32750,2
14883,43500,22000,0,21500,2
15305,43500,22000,0,21500,2
14953,43500,10750,0,32750,2
14919,43500,22000,0,21500,2
14874,43500,0,0,43500,2
15611,43500,10750,0,32750,2
17019,43500,32750,0,10750,2
15088,43500,10750,0,32750,2
14862,43500,10750,0,32750,2
14879,43500,0,0,43500,2
14645,43500,0,0,43500,2
14946,43500,10750,0,32750,2
15026,43500,22000,0,21500,2
15400,43500,22000,0,21500,2
15301,43500,22000,0,21500,2
14877,43500,10750,0,32750,2
14867,43500,43000,500,0,2
14944,43500,10750,0,32750,2
15019,43500,43000,500,0,2
17030,43500,10750,0,32750,2
15222,43500,22000,0,21500,2
15254,43500,10750,0,32750,2
15025,43500,22000,0,21500,2
17094,43500,10750,0,32750,2
15005,43500,22000,0,21500,2
15582,43500,22000,0,21500,2
14899,43500,10750,0,32750,2
14854,43500,10750,0,32750,2
14870,43500,10750,0,32750,2
15134,43500,22000,0,21500,2
15118,43500,22000,0,21500,2
14966,43500,10750,0,32750,2
14962,43500,0,0,43500,2
15381,43500,32750,0,10750,2
14947,43500,10750,0,32750,2
17150,43500,10750,0,32750,2
15925,43500,22000,0,21500,2
17272,43500,10750,0,32750,2
14739,43500,10750,0,32750,2
14908,43500,22000,0,21500,2
16042,43500,10750,0,32750,2
14868,43500,10750,0,32750,2
14856,43500,22000,0,21500,2
14958,43500,22000,0,21500,2
14904,43500,22000,0,21500,2
15434,43500,10750,0,32750,2
14977,43500,0,0,43500,2
17056,43500,10750,0,32750,2
15642,43500,22000,0,21500,2
14931,43500,10750,0,32750,2
16832,43500,22000,0,21500,2
15577,43500,10750,0,32750,2
16571,43500,10750,0,32750,2
14871,43500,10750,0,32750,2
16536,43500,10750,0,32750,2
14922,43500,22000,0,21500,2
16809,43500,10750,0,32750,2
14934,43500,10750,0,32750,2
16240,43500,10750,0,32750,2
14897,43500,10750,0,32750,2
14873,43500,10750,0,32750,2
16696,43500,22000,0,21500,2
14863,43500,10750,0,32750,2
15358,43500,10750,0,32750,2
14852,43500,10750,0,32750,2
15976,43500,10750,0,32750,2
14860,43500,10750,0,32750,2
15669,43500,10750,0,32750,2
14907,43500,10750,0,32750,2
15011,43500,0,0,43500,2
14880,43500,32750,0,10750,2
16781,43500,10750,0,32750,2
14936,43500,10750,0,32750,2
14850,43500,22000,0,21500,2
14536,43500,22000,0,21500,2
15616,43500,10750,0,32750,2
14972,43500,22000,0,21500,2
16575,43500,10750,0,32750,2
14923,43500,11250,0,32250,2
16212,43500,10750,0,32750,2
14882,43500,10750,0,32750,2
14967,43500,0,0,43500,2
14174,45900,23200,0,22700,2
14732,45900,11350,0,34550,2
14607,45900,11350,0,34550,2
14523,45900,11350,0,34550,2
16602,45900,11350,0,34550,2
16450,45900,11350,0,34550,2
14772,45900,11350,0,34550,2
15974,45900,11350,0,34550,2
14152,45900,23200,0,22700,2
16079,45900,11350,0,34550,2
15921,45900,23200,0,22700,2
14614,45900,23200,0,22700,2
14717,45900,0,0,45900,2
14615,45900,11350,0,34550,2
16068,45900,45400,500,0,2
16496,45900,11350,0,34550,2
14510,45900,11350,0,34550,2
14517,45900,11350,0,34550,2
14686,45900,0,0,45900,2
16708,45900,23200,0,22700,2
16019,45900,23200,0,22700,2
14564,45900,11350,0,34550,2
14694,45900,45900,0,0,2
15287,45900,23200,0,22700,2
14535,45900,11350,0,34550,2
16208,45900,11350,0,34550,2
14495,45900,11350,0,34550,2
16902,45900,11350,0,34550,2
14797,45900,0,0,45900,2
15455,45900,11350,0,34550,2
14747,45900,23200,0,22700,2
14493,45900,23200,0,22700,2
14543,45900,11350,0,34550,2
14521,45900,11350,0,34550,2
14522,45900,23200,0,22700,2
16118,45900,23200,0,22700,2
15329,45900,0,0,45900,2
14518,45900,11350,0,34550,2
15842,45900,23200,0,22700,2
14570,45900,23200,0,22700,2
14511,45900,11350,0,34550,2
14620,45900,34550,0,11350,2
15247,45900,11350,0,34550,2
14582,45900,11350,0,34550,2
15253,45900,11350,0,34550,2
14792,45900,11350,0,34550,2
15727,45900,11350,0,34550,2
16077,45900,11350,0,34550,2
15681,45900,23200,0,22700,2
15274,45900,23200,0,22700,2
15838,45900,11350,0,34550,2
14595,45900,23200,0,22700,2
16468,45900,11350,0,34550,2
14625,45900,11350,0,34550,2
15385,45900,11350,0,34550,2
15345,45900,11350,0,34550,2
14542,45900,45900,0,0,2
14706,45900,11350,0,34550,2
14519,45900,11350,0,34550,2
14643,45900,11350,0,34550,2
14593,45900,23200,0,22700,2
14793,45900,11350,0,34550,2
14612,45900,11350,0,34550,2
14678,45900,11350,0,34550,2
14509,45900,11350,0,34550,2
16436,45900,11350,0,34550,2
14496,45900,23200,0,22700,2
16734,45900,23200,0,22700,2
14608,45900,11350,0,34550,2
14729,45900,11350,0,34550,2
14571,45900,23200,0,22700,2
14690,45900,0,0,45900,2
15053,45900,0,0,45900,2
14652,45900,11350,0,34550,2
14573,45900,11350,0,34550,2
14501,45900,11350,0,34550,2
14576,45900,23200,0,22700,2
16485,45900,23200,0,22700,2
15277,45900,45900,0,0,2
14540,45900,11350,0,34550,2
14630,45900,11350,0,34550,2
16051,45900,23200,0,22700,2
14791,45900,0,0,45900,2
14532,45900,11350,0,34550,2
16059,45900,11350,0,34550,2
14544,45900,11350,0,34550,2
14920,45900,11350,0,34550,2
15288,45900,11350,0,34550,2
16562,45900,23200,0,22700,2
14691,45900,11350,0,34550,2
14940,45900,0,0,45900,2
15012,45900,0,0,45900,2
15879,45900,11350,0,34550,2
14546,45900,11350,0,34550,2
14828,45900,11350,0,34550,2
16891,45900,0,0,45900,2
14598,45900,11350,0,34550,2
16428,45900,11350,0,34550,2
15839,45900,23200,0,22700,2
14635,45900,11350,0,34550,2
15319,45900,0,0,45900,2
16061,45900,11350,0,34550,2
15952,45900,11350,0,34550,2
15654,45900,11350,0,34550,2
14578,45900,23200,0,22700,2
14500,45900,23200,0,22700,2
15223,45900,23200,0,22700,2
14933,45900,23200,0,22700,2
14956,45900,11350,0,34550,2
14502,45900,45400,500,0,2
16826,45900,23200,0,22700,2
16173,45900,11350,0,34550,2
14550,45900,23200,0,22700,2
15249,45900,0,0,45900,2
14548,45900,23200,0,22700,2
14541,45900,11350,0,34550,2
15728,45400,11350,0,34050,2
14154,45400,11350,0,34050,2
16045,45400,11350,0,34050,2
14488,45400,22700,500,22200,2
16176,45400,11350,0,34050,2
15096,45400,11350,0,34050,2
16460,45400,22700,0,22700,2
16736,45400,22700,0,22700,2
14115,45400,0,0,45400,2
15904,45400,22700,0,22700,2
14626,45400,11350,0,34050,2
15743,45400,11350,0,34050,2
14319,45400,22700,0,22700,2
14569,45400,11350,0,34050,2
14162,45400,11350,0,34050,2
14269,45400,11350,0,34050,2
14314,45400,22700,0,22700,2
14406,45400,45400,0,0,2
14210,45400,22700,0,22700,2
15453,45400,44900,500,0,2
14311,45400,11350,0,34050,2
14355,45400,11350,0,34050,2
14167,45400,11350,0,34050,2
13822,45400,0,0,45400,2
14190,45400,11350,0,34050,2
14224,45400,11350,0,34050,2
14194,45400,11350,0,34050,2
14276,45400,11350,0,34050,2
13846,45400,11350,0,34050,2
14240,45400,22700,0,22700,2
14252,45400,22700,0,22700,2
14991,45400,22700,0,22700,2
14160,45400,11350,0,34050,2
16588,45400,11350,0,34050,2
15018,45400,44900,500,0,2
15363,45400,44900,500,0,2
14416,45400,22700,0,22700,2
14117,45400,11350,0,34050,2
14384,45400,22700,0,22700,2
14179,45400,11350,0,34050,2
14109,45400,11350,0,34050,2
14213,45400,11350,0,34050,2
16196,45400,0,0,45400,2
14647,45400,11350,0,34050,2
14153,45400,22700,0,22700,2
14285,45400,11350,0,34050,2
14203,45400,11350,0,34050,2
14455,45400,11350,0,34050,2
14611,45400,11350,0,34050,2
14181,45400,11350,0,34050,2
14939,45400,45400,0,0,2
16178,45400,11350,0,34050,2
16141,45400,11350,0,34050,2
14575,45400,11350,0,34050,2
15457,45400,0,0,45400,2
14942,45400,11350,0,34050,2
14204,45400,22700,0,22700,2
16742,45400,22700,0,22700,2
14384A,45400,44900,500,0,2
14843,45400,11350,0,34050,2
14156,45400,11350,0,34050,2
16247,45400,22700,0,22700,2
15621,45400,22700,0,22700,2
14157,45400,11350,0,34050,2
14321,45400,44900,500,0,2
14292,45400,22700,0,22700,2
15110,45400,11350,0,34050,2
14350,45400,11350,0,34050,2
16512,45400,11350,0,34050,2
14941,45400,22700,0,22700,2
14169,45400,22700,0,22700,2
15702,45400,22700,0,22700,2
16488,45400,11350,0,34050,2
14952,45400,22700,0,22700,2
14317,45400,0,0,45400,2
14122,45400,11350,0,34050,2
14106,45400,22700,0,22700,2
16165,45400,45400,0,0,2
14917,45400,11350,0,34050,2
16431,45400,11350,0,34050,2
15955,45400,11350,0,34050,2
15450,45400,11350,0,34050,2
16847,45400,22700,0,22700,2
14158,45400,22700,0,22700,2
15035,45400,11350,0,34050,2
14121,45400,22700,0,22700,2
14637,45400,11350,0,34050,2
14254,45400,11350,0,34050,2
14166,45400,22700,0,22700,2
14708,45400,11350,0,34050,2
14132,45400,11350,0,34050,2
14119,45400,22700,0,22700,2
14136,45400,11350,0,34050,2
15487,45400,22700,0,22700,2
14207,45400,22700,0,22700,2
14249,45400,22700,0,22700,2
14206,45400,11350,0,34050,2
14798,45400,0,0,45400,2
14228,45400,22700,0,22700,2
14114,45400,11350,0,34050,2
16727,45400,22700,0,22700,2
14333,45400,11350,0,34050,2
16126,45400,11350,0,34050,2
16844,45400,11350,0,34050,2
16846,45400,22700,0,22700,2
14313,45400,0,0,45400,2
14315,45400,11350,0,34050,2
16119,45400,22700,0,22700,2
14461,45400,22700,0,22700,2
14463,45400,22700,0,22700,2
14108,45400,22700,0,22700,2
14741,45400,22700,0,22700,2
14581,45400,11350,0,34050,2
14459,45400,11350,0,34050,2
15670,45400,11350,0,34050,2
16630,45400,11350,0,34050,2
14112,45400,11350,0,34050,2
14432,45400,22700,0,22700,2
14449,45400,22700,0,22700,2
15027,45400,22700,0,22700,2
14584,45400,11350,0,34050,2
14468,45400,22700,0,22700,2
14111,45400,11350,0,34050,2
15962,45400,22700,0,22700,2
15079,45400,22700,0,22700,2
14143,45400,22700,0,22700,2
14366,45400,11350,0,34050,2
14180,45400,11350,0,34050,2
14237,45400,22700,0,22700,2
14374,45400,11350,0,34050,2
15095,45400,11350,0,34050,2
14409,45400,11350,0,34050,2
15475,45400,11350,0,34050,2
14163,45400,34050,0,11350,2
14113,45400,11350,0,34050,2
14308,45400,11350,0,34050,2
16372,45400,22700,0,22700,2
14830,45400,22700,0,22700,2
14562,45400,11350,0,34050,2
16062,45400,11350,0,34050,2
15015,45400,22700,0,22700,2
14242,45400,11350,0,34050,2
14236,45400,11350,0,34050,2
